method,dataset,point_group,sigma,n_total,n_crashed,n_valid,crash_rate,mean_emd,median_emd,mean_theta_deg,median_theta_deg,flip_rate,n_molecules
asun,qm-sym,C2h,0.0,120.0,0.0,120.0,0.0,1.2876735529678645,1.4913788458681387e-13,22.225284820581546,0.0,0.31666666666666665,8
asun,qm-sym,C2h,0.0001,120.0,0.0,120.0,0.0,1.1520466372362164,0.01978930679733007,19.354737319759924,0.40929668258203245,0.275,8
asun,qm-sym,C2h,0.001,120.0,0.0,120.0,0.0,1.5375049634903102,0.3800918893167682,27.20981674974509,5.702126775301115,0.5416666666666666,8
asun,qm-sym,C2h,0.003,120.0,0.0,120.0,0.0,2.045926286887616,1.9957928324501375,37.288185270607485,15.44977653824153,0.6666666666666666,8
asun,qm-sym,C2h,0.01,120.0,0.0,120.0,0.0,3.7670026813690525,4.241625581803721,55.04633488844992,54.78185610350769,0.8416666666666667,8
asun,qm-sym,C2h,0.03,120.0,0.0,120.0,0.0,4.251428629961223,4.5500969572545715,62.30873146369366,59.41685089920971,0.9166666666666666,8
asun,qm-sym,C2h,0.1,120.0,0.0,120.0,0.0,4.379420867050226,4.722228476357159,69.56255843319973,70.82934245346254,0.975,8
asun,qm-sym,C3h,0.0,75.0,0.0,75.0,0.0,0.2216321343655666,8.662110089745603e-07,1.0387284839376922,7.824964720612764e-06,0.06666666666666667,5
asun,qm-sym,C3h,0.0001,75.0,0.0,75.0,0.0,0.040152120106878124,0.005091525902382582,0.3469602792170825,0.08816625813293431,0.013333333333333334,5
asun,qm-sym,C3h,0.001,75.0,0.0,75.0,0.0,0.17600335353511035,0.04258265648327632,2.3071504336084505,0.7536067581257414,0.17333333333333334,5
asun,qm-sym,C3h,0.003,75.0,0.0,75.0,0.0,0.7389701227465603,0.15270492535214863,6.770272389945074,2.644651224561689,0.41333333333333333,5
asun,qm-sym,C3h,0.01,75.0,0.0,75.0,0.0,1.1551792243037173,0.45361289082186396,17.05342248754729,7.767455838623197,0.56,5
asun,qm-sym,C3h,0.03,75.0,0.0,75.0,0.0,1.9484833038754998,1.67803622102419,29.281886970787763,22.553998372347984,0.8533333333333334,5
asun,qm-sym,C3h,0.1,75.0,0.0,75.0,0.0,2.6823052484468093,2.8305977704499448,41.063935341625935,32.249329764385045,0.96,5
asun,qm-sym,C4h,0.0,30.0,0.0,30.0,0.0,0.7901312218491997,3.013517607473899e-13,4.357755500027085,1.4574827811144605e-06,0.43333333333333335,2
asun,qm-sym,C4h,0.0001,30.0,0.0,30.0,0.0,0.9370472344885985,0.9670881445807525,5.44767674251634,5.948546282580177,0.5,2
asun,qm-sym,C4h,0.001,30.0,0.0,30.0,0.0,1.439060097110246,1.8287025432282848,11.950362682671214,10.429762775823484,0.9333333333333333,2
asun,qm-sym,C4h,0.003,30.0,0.0,30.0,0.0,1.7751159417961604,2.0214923399284834,19.827687998813126,17.23851729802763,0.8333333333333334,2
asun,qm-sym,C4h,0.01,30.0,0.0,30.0,0.0,2.145349971726564,2.111518251122054,24.993130248304762,23.746133425375746,0.8333333333333334,2
asun,qm-sym,C4h,0.03,30.0,0.0,30.0,0.0,2.2381456041944303,2.2418984749399167,26.1283435280234,25.335558308616307,0.8666666666666667,2
asun,qm-sym,C4h,0.1,30.0,0.0,30.0,0.0,2.4959781595182293,2.4464746650177602,30.000530062766423,28.147955230713656,0.9666666666666667,2
asun,qm9,C*v,0.0,15.0,0.0,15.0,0.0,1.6779096076185093e-15,1.3837329828312699e-15,101.21743078642821,90.0,0.8666666666666667,1
asun,qm9,C*v,0.0001,15.0,0.0,15.0,0.0,0.0016731347583018377,0.0016868690143822707,82.565713773507,90.00001541862264,0.8666666666666667,1
asun,qm9,C*v,0.001,15.0,0.0,15.0,0.0,0.016753375263945172,0.017178500105764764,83.58488421826513,90.00081457364408,0.9333333333333333,1
asun,qm9,C*v,0.003,15.0,0.0,15.0,0.0,0.05042982896448264,0.053717794144170924,109.90839063505003,90.07200160469597,1.0,1
asun,qm9,C*v,0.01,15.0,0.0,15.0,0.0,0.17085602374965897,0.16648912210447206,97.20856885603395,90.26373550464429,1.0,1
asun,qm9,C*v,0.03,15.0,0.0,15.0,0.0,0.5489971071308481,0.44551302144513816,101.65331463447302,90.06957198196766,1.0,1
asun,qm9,C*v,0.1,15.0,0.0,15.0,0.0,1.3921544302790965,1.3198211008521135,108.4928355689577,104.92380349939883,1.0,1
asun,qm9,C1,0.0,120.0,0.0,120.0,0.0,1.1183000581547554e-15,9.92368405740465e-16,5.530891787128537e-07,0.0,0.0,8
asun,qm9,C1,0.0001,120.0,0.0,120.0,0.0,0.0006043850339475491,0.00045957331381332354,0.019093957786414702,0.013064079780764005,0.0,8
asun,qm9,C1,0.001,120.0,0.0,120.0,0.0,0.006040815172375257,0.004597678626209264,0.19082668854836396,0.13079964103549105,0.0,8
asun,qm9,C1,0.003,120.0,0.0,120.0,0.0,0.030171014346481055,0.013805894946606168,1.3165334882056863,0.39229961839460914,0.008333333333333333,8
asun,qm9,C1,0.01,120.0,0.0,120.0,0.0,0.1608269308623721,0.04682312873490495,6.00278899849574,1.3178978693827839,0.11666666666666667,8
asun,qm9,C1,0.03,120.0,0.0,120.0,0.0,0.4965625550642966,0.16510856266517676,15.796857636900482,4.575500329817668,0.48333333333333334,8
asun,qm9,C1,0.1,120.0,0.0,120.0,0.0,1.0806131582400256,0.9121620390984788,25.227653553599186,20.390750801490537,0.9666666666666667,8
asun,qm9,C2,0.0,120.0,0.0,120.0,0.0,0.21632111403484514,0.00013268188573566325,5.999915027752083,0.00397912893203967,0.19166666666666668,8
asun,qm9,C2,0.0001,120.0,0.0,120.0,0.0,0.21654898152428312,0.0004512538404692516,6.006681825074155,0.012362193530609904,0.19166666666666668,8
asun,qm9,C2,0.001,120.0,0.0,120.0,0.0,0.2007679775711155,0.0038316479669789063,4.292145342376619,0.11371336414445096,0.19166666666666668,8
asun,qm9,C2,0.003,120.0,0.0,120.0,0.0,0.29003582596249283,0.012291953627693685,6.7265794347013435,0.3796539368269203,0.26666666666666666,8
asun,qm9,C2,0.01,120.0,0.0,120.0,0.0,0.33024375858779337,0.03904215450753093,6.20178555070521,1.193767766479907,0.3,8
asun,qm9,C2,0.03,120.0,0.0,120.0,0.0,0.46696797612289054,0.13492910502248973,11.199556498307285,4.126585985186534,0.4583333333333333,8
asun,qm9,C2,0.1,120.0,0.0,120.0,0.0,0.856823386020713,0.8811731889801618,19.797798317511184,13.54676902509976,0.9333333333333333,8
asun,qm9,C2h,0.0,30.0,0.0,30.0,0.0,1.0077589818420996,0.762741613826908,36.91243692712962,46.36574149868367,0.5666666666666667,2
asun,qm9,C2h,0.0001,30.0,0.0,30.0,0.0,1.2622922366385863,1.1826127944741773,43.62646262269971,49.1806142368757,0.6666666666666666,2
asun,qm9,C2h,0.001,30.0,0.0,30.0,0.0,1.2324331840801583,1.0259879682156952,46.962710511139726,49.10257982539319,0.7,2
asun,qm9,C2h,0.003,30.0,0.0,30.0,0.0,1.2344956689008677,1.4214494079179363,52.6530083901442,48.9189753845933,0.8,2
asun,qm9,C2h,0.01,30.0,0.0,30.0,0.0,1.260455978732635,1.3318304258286369,42.53918665277532,47.72851881002184,0.6666666666666666,2
asun,qm9,C2h,0.03,30.0,0.0,30.0,0.0,1.3091605619790119,1.0879590155016432,45.96700034109548,47.834934564377875,0.7333333333333333,2
asun,qm9,C2h,0.1,30.0,0.0,30.0,0.0,1.2554815211132297,0.9676183828358103,43.938892060673844,47.575439464076524,0.9,2
asun,qm9,C2v,0.0,120.0,0.0,120.0,0.0,0.16853349067393275,0.00016450929904378232,7.512249950612966,0.005738005150747216,0.08333333333333333,8
asun,qm9,C2v,0.0001,120.0,0.0,120.0,0.0,0.16891030701297308,0.0005744752667579003,7.52460013977402,0.01757849037341293,0.08333333333333333,8
asun,qm9,C2v,0.001,120.0,0.0,120.0,0.0,0.21814611453061558,0.00482842401709046,10.151993625660696,0.16168929016330205,0.11666666666666667,8
asun,qm9,C2v,0.003,120.0,0.0,120.0,0.0,0.3489338787972046,0.01788382306197965,16.709147438894725,0.6528835907976709,0.21666666666666667,8
asun,qm9,C2v,0.01,120.0,0.0,120.0,0.0,0.34229921693806276,0.058224046225693674,16.123905809178968,2.0897874397474077,0.25,8
asun,qm9,C2v,0.03,120.0,0.0,120.0,0.0,0.4470677083681002,0.18900232205585166,19.27315236168284,6.612836609182834,0.6083333333333333,8
asun,qm9,C2v,0.1,120.0,0.0,120.0,0.0,1.0107070998588121,0.7260127657848401,36.768831237642566,23.171209647211654,0.975,8
asun,qm9,C3,0.0,15.0,0.0,15.0,0.0,0.0015164018272899593,0.0019657788308210904,0.011225816924692409,0.008056740411645986,0.0,1
asun,qm9,C3,0.0001,15.0,0.0,15.0,0.0,0.0015827976757877653,0.0020040489832880127,0.013327582613312981,0.012536124220087042,0.0,1
asun,qm9,C3,0.001,15.0,0.0,15.0,0.0,0.0998006170549486,0.003203574085234425,1.2105285327354613,0.0650623333838801,0.06666666666666667,1
asun,qm9,C3,0.003,15.0,0.0,15.0,0.0,0.4899948515032291,0.00963736868335261,5.888078028224977,0.3051458650925779,0.3333333333333333,1
asun,qm9,C3,0.01,15.0,0.0,15.0,0.0,0.793442086107126,1.443113032105173,10.867600451132411,15.85181632667125,0.5333333333333333,1
asun,qm9,C3,0.03,15.0,0.0,15.0,0.0,0.4555538412153299,0.10055851796400936,6.893804199406988,3.236804886270228,0.3333333333333333,1
asun,qm9,C3,0.1,15.0,0.0,15.0,0.0,1.0714015779583737,1.4615855844884278,22.23130601101733,24.332833517654116,0.9333333333333333,1
asun,qm9,Ci,0.0,15.0,0.0,15.0,0.0,1.060212795749413,1.5920256628189757,24.16371426232947,28.183276696592152,0.6,1
asun,qm9,Ci,0.0001,15.0,0.0,15.0,0.0,1.060453770594724,1.5920757131872445,24.17082208588154,28.189286877566015,0.6,1
asun,qm9,Ci,0.001,15.0,0.0,15.0,0.0,1.1915528333999292,1.5933353664593344,25.86622393130694,28.243342828635736,0.6666666666666666,1
asun,qm9,Ci,0.003,15.0,0.0,15.0,0.0,1.141137816901781,1.6025972599014167,25.448496070873002,27.948914879762718,0.6666666666666666,1
asun,qm9,Ci,0.01,15.0,0.0,15.0,0.0,1.4590653931993522,1.82258722382751,25.221890176041846,24.832128062067795,0.8,1
asun,qm9,Ci,0.03,15.0,0.0,15.0,0.0,1.1832403168445655,1.7659910233151543,28.257031122434398,31.015975047463677,0.8,1
asun,qm9,Ci,0.1,15.0,0.0,15.0,0.0,1.4029650251261998,1.624472020993975,30.552311408046087,31.510377785832173,0.9333333333333333,1
asun,qm9,Cs,0.0,120.0,0.0,120.0,0.0,0.3813082907705676,1.3083094078307921e-15,9.734494643615395,0.0,0.2,8
asun,qm9,Cs,0.0001,120.0,0.0,120.0,0.0,0.5513703884706574,0.001120155619345023,18.220175397937275,0.039397885608055884,0.31666666666666665,8
asun,qm9,Cs,0.001,120.0,0.0,120.0,0.0,0.5541961922108708,0.010265774496858601,24.664691202405564,0.5433518940224759,0.38333333333333336,8
asun,qm9,Cs,0.003,120.0,0.0,120.0,0.0,0.5381381340817886,0.03000359264100503,23.613569210786263,1.572207377487433,0.375,8
asun,qm9,Cs,0.01,120.0,0.0,120.0,0.0,0.6739218960670036,0.14245019285817528,18.859611482106825,4.804929773476632,0.49166666666666664,8
asun,qm9,Cs,0.03,120.0,0.0,120.0,0.0,0.8697220950085653,0.39136274894554246,24.076831268159644,12.001246083638737,0.7166666666666667,8
asun,qm9,Cs,0.1,120.0,0.0,120.0,0.0,1.2938379343285469,1.2580735717661695,31.579401273746136,21.41825279582687,0.95,8
asun,qm9,D2,0.0,15.0,0.0,15.0,0.0,0.4387802900264776,0.0004059444441099568,6.231169023432023,0.009901487329835323,0.26666666666666666,1
asun,qm9,D2,0.0001,15.0,0.0,15.0,0.0,0.43888426911790823,0.00041748852420498794,6.234449182054548,0.01019258623587587,0.26666666666666666,1
asun,qm9,D2,0.001,15.0,0.0,15.0,0.0,0.44022096629746216,0.0025401993158598517,6.272834671756387,0.06868893408060418,0.26666666666666666,1
asun,qm9,D2,0.003,15.0,0.0,15.0,0.0,0.8801461931887268,1.6442027322751482,12.523674723309108,23.233394118242103,0.5333333333333333,1
asun,qm9,D2,0.01,15.0,0.0,15.0,0.0,0.8816489875831224,1.5583470578936585,13.74518810467917,22.971207624127086,0.5333333333333333,1
asun,qm9,D2,0.03,15.0,0.0,15.0,0.0,0.37071076070504494,0.07657610984791735,8.254087621146612,2.232667823588056,0.2,1
asun,qm9,D2,0.1,15.0,0.0,15.0,0.0,0.9264268649281538,0.33200432690605336,14.681402953544755,8.692154655223984,0.8666666666666667,1
asun,synthetic,C2h,0.0,15.0,0.0,15.0,0.0,0.35121291584315123,6.495503907410876e-16,53.88561604468759,45.26190140121475,0.6,1
asun,synthetic,C2h,0.0001,15.0,0.0,15.0,0.0,0.43816135706350695,0.00039220049395869333,68.17999011310157,90.00000001090278,0.7333333333333333,1
asun,synthetic,C2h,0.001,15.0,0.0,15.0,0.0,0.4399856526731875,0.00392339240450902,50.21406543271317,71.237043168788,0.6,1
asun,synthetic,C2h,0.003,15.0,0.0,15.0,0.0,0.4440475038096139,0.01177923687280357,69.91770685750303,90.00005790518924,0.8,1
asun,synthetic,C2h,0.01,15.0,0.0,15.0,0.0,0.7103185742830374,0.8642755087520638,70.89302686052275,90.00189043088513,0.6666666666666666,1
asun,synthetic,C2h,0.03,15.0,0.0,15.0,0.0,0.8694750682659692,1.0136878727841103,98.14887550113232,90.03988122862424,1.0,1
asun,synthetic,C2h,0.1,15.0,0.0,15.0,0.0,1.0387314782980794,1.2766108854180953,92.55612375030084,90.71295860284081,1.0,1
asun,synthetic,D*h,0.0,30.0,0.0,30.0,0.0,2.689841059512859e-16,2.2195126404239e-16,83.15783132817556,90.0,0.8333333333333334,2
asun,synthetic,D*h,0.0001,30.0,0.0,30.0,0.0,0.00016231610370851155,0.00014460916938628497,75.16074941384564,90.00000000527275,0.6333333333333333,2
asun,synthetic,D*h,0.001,30.0,0.0,30.0,0.0,0.0016234137894139663,0.0014465307839030932,79.24423425180797,90.00000145693917,0.7666666666666667,2
asun,synthetic,D*h,0.003,30.0,0.0,30.0,0.0,0.004784776860273247,0.004342512563065027,88.73022236966055,90.00006274809203,0.7,2
asun,synthetic,D*h,0.01,30.0,0.0,30.0,0.0,0.2776174733797859,0.02311670650538123,86.46525033261202,90.00052315269224,0.7666666666666667,2
asun,synthetic,D*h,0.03,30.0,0.0,30.0,0.0,0.419126584007891,0.12784759054356268,97.49195736475953,90.03205481239641,0.9666666666666667,2
asun,synthetic,D*h,0.1,30.0,0.0,30.0,0.0,0.535831542368334,0.44139990752918423,92.52873120376671,90.00227933215173,1.0,2
asun,synthetic,D2d,0.0,15.0,0.0,15.0,0.0,0.5521708992292312,0.7529603171307697,66.00000027482558,89.99999999999999,0.7333333333333333,1
asun,synthetic,D2d,0.0001,15.0,0.0,15.0,0.0,0.552225730279846,0.7529575769743335,65.99615013186418,89.98995342668708,0.7333333333333333,1
asun,synthetic,D2d,0.001,15.0,0.0,15.0,0.0,0.5527198941793139,0.7529356381997542,65.96157234474649,89.89981998785566,0.7333333333333333,1
asun,synthetic,D2d,0.003,15.0,0.0,15.0,0.0,0.5043512612121288,0.7514600332917484,59.95776071337575,89.60852189448742,0.6666666666666666,1
asun,synthetic,D2d,0.01,15.0,0.0,15.0,0.0,1.380239260270902,1.4862885699470125,63.03007351680526,58.3687150024742,1.0,1
asun,synthetic,D2d,0.03,15.0,0.0,15.0,0.0,1.4455981654931316,1.5487924022704633,60.54080580011427,55.5666478431888,1.0,1
asun,synthetic,D2d,0.1,15.0,0.0,15.0,0.0,1.4524001610160722,1.5581343119600397,62.40675039708908,57.40241168266299,1.0,1
asun,synthetic,D3h,0.0,60.0,15.0,45.0,0.25,0.07193804177567886,6.005186740962545e-16,29.900058143090362,1.7075472925031877e-06,0.4888888888888889,4
asun,synthetic,D3h,0.0001,60.0,15.0,45.0,0.25,0.07207972460067884,0.0001882570022830386,33.903284317379125,10.68323654001614,0.5333333333333333,4
asun,synthetic,D3h,0.001,60.0,15.0,45.0,0.25,0.08227051670662494,0.0018899521750740948,34.16045424509187,10.642060911413598,0.5555555555555556,4
asun,synthetic,D3h,0.003,60.0,15.0,45.0,0.25,0.5231849391297398,0.006730335631779768,47.63146468879605,40.73272201861553,0.7333333333333333,4
asun,synthetic,D3h,0.01,60.0,15.0,45.0,0.25,0.5059709673371712,0.02370806038025785,40.255520030513175,11.029492629748233,0.6666666666666666,4
asun,synthetic,D3h,0.03,60.0,15.0,45.0,0.25,0.5858226319905151,0.40742763754116335,48.14315362088748,40.38382672897898,0.7111111111111111,4
asun,synthetic,D3h,0.1,60.0,15.0,45.0,0.25,0.6630488522094806,0.4451736227363627,44.17363250925858,25.126062643988398,0.8222222222222222,4
asun,synthetic,D4h,0.0,45.0,15.0,30.0,0.3333333333333333,0.21568510663664142,0.22226161806460493,36.57215023328329,14.555522652232732,0.7,3
asun,synthetic,D4h,0.0001,45.0,15.0,30.0,0.3333333333333333,0.2113362992845315,0.2372586403312083,39.170886037991565,15.206905631861009,0.7,3
asun,synthetic,D4h,0.001,45.0,15.0,30.0,0.3333333333333333,0.21215352099567175,0.23821761779200495,41.95251715762018,13.482209405811314,0.6666666666666666,3
asun,synthetic,D4h,0.003,45.0,15.0,30.0,0.3333333333333333,0.23739780066074995,0.24035155779033635,35.49595605471439,15.172909083409557,0.6666666666666666,3
asun,synthetic,D4h,0.01,45.0,22.0,23.0,0.4888888888888889,0.43618028796670905,0.5605375594441194,34.935845719726125,18.231491071186777,0.9130434782608695,3
asun,synthetic,D4h,0.03,45.0,16.0,29.0,0.35555555555555557,0.3524779118698735,0.28884942577079675,42.45871299891077,16.223003809617587,0.8620689655172413,3
asun,synthetic,D4h,0.1,45.0,15.0,30.0,0.3333333333333333,0.38035929630801235,0.3277647762236515,41.03401704837447,24.326941249901516,0.9666666666666667,3
asun,synthetic,D5h,0.0,45.0,15.0,30.0,0.3333333333333333,0.18347444278741312,5.250521330045365e-16,24.14341399453116,10.478046134824556,0.5333333333333333,3
asun,synthetic,D5h,0.0001,45.0,15.0,30.0,0.3333333333333333,0.18359380230965613,0.00018464298482681526,24.14743397088631,10.476551196488789,0.5333333333333333,3
asun,synthetic,D5h,0.001,45.0,15.0,30.0,0.3333333333333333,0.18466869706434977,0.0018463909955575137,21.187437299181394,5.2857443800562445,0.5,3
asun,synthetic,D5h,0.003,45.0,15.0,30.0,0.3333333333333333,0.1899831627802479,0.005340547519994446,12.750498644445056,0.2952338139032033,0.4,3
asun,synthetic,D5h,0.01,45.0,15.0,30.0,0.3333333333333333,0.29306395137978813,0.019564054853095623,35.77957733137019,18.858329707527837,0.7333333333333333,3
asun,synthetic,D5h,0.03,45.0,15.0,30.0,0.3333333333333333,0.3286761871609213,0.06708704475157969,33.03828670132673,15.50504169047226,0.7,3
asun,synthetic,D5h,0.1,45.0,15.0,30.0,0.3333333333333333,0.3428799246504521,0.17750216618190784,24.830862185265506,10.082390088052772,0.7666666666666667,3
asun,synthetic,D6h,0.0,60.0,15.0,45.0,0.25,0.14968753089934597,8.996840791312546e-16,24.46966275439872,2.5277527574734764,0.4888888888888889,4
asun,synthetic,D6h,0.0001,60.0,15.0,45.0,0.25,0.17296921818277863,0.00020568641059642365,37.497890522620075,9.873855584788874,0.6222222222222222,4
asun,synthetic,D6h,0.001,60.0,15.0,45.0,0.25,0.19692297087119195,0.0022300189450662382,36.52711103262189,15.866181895033392,0.6222222222222222,4
asun,synthetic,D6h,0.003,60.0,15.0,45.0,0.25,0.23499829014314094,0.007258849145071759,35.74362968406831,15.989805010912585,0.6444444444444445,4
asun,synthetic,D6h,0.01,60.0,15.0,45.0,0.25,0.3279469747439163,0.024297914835514592,48.647959069839324,51.47682430579051,0.7777777777777778,4
asun,synthetic,D6h,0.03,60.0,15.0,45.0,0.25,0.32539835399206096,0.07747295287423804,42.98864479208637,27.800719148588094,0.7333333333333333,4
asun,synthetic,D6h,0.1,60.0,15.0,45.0,0.25,0.3742020307482662,0.2493729825594668,38.08063491638021,13.415510661274098,0.8444444444444444,4
asun,synthetic,D7h,0.0,45.0,15.0,30.0,0.3333333333333333,0.24454990906640692,6.815786089583589e-16,23.521947686242243,4.728652356901522,0.5,3
asun,synthetic,D7h,0.0001,45.0,15.0,30.0,0.3333333333333333,0.2446856529726579,0.00020154040388266234,20.52534559476394,0.01275664834774121,0.4666666666666667,3
asun,synthetic,D7h,0.001,45.0,15.0,30.0,0.3333333333333333,0.27305182795062005,0.0020556287758542718,18.44858834378741,0.15177901844462607,0.4666666666666667,3
asun,synthetic,D7h,0.003,45.0,15.0,30.0,0.3333333333333333,0.3676783894489785,0.006490843835481722,24.666316898560652,9.35750410997961,0.5333333333333333,3
asun,synthetic,D7h,0.01,45.0,15.0,30.0,0.3333333333333333,0.3464582895264767,0.021257662872803826,24.335221364955718,6.749553000054878,0.5333333333333333,3
asun,synthetic,D7h,0.03,45.0,15.0,30.0,0.3333333333333333,0.4299082615432258,0.07024023131712162,35.0048260297967,10.734344710247933,0.7666666666666667,3
asun,synthetic,D7h,0.1,45.0,15.0,30.0,0.3333333333333333,0.4885805989345125,0.23144755478428364,29.676376915199587,12.524080836852754,0.8666666666666667,3
asun,synthetic,D8h,0.0,45.0,15.0,30.0,0.3333333333333333,0.32441536632468887,7.63682402691368e-16,26.548613953033502,7.645841346836297,0.6,3
asun,synthetic,D8h,0.0001,45.0,15.0,30.0,0.3333333333333333,0.32453921795115404,0.00022353709592582365,32.54938401951943,7.6441080276339495,0.6666666666666666,3
asun,synthetic,D8h,0.001,45.0,15.0,30.0,0.3333333333333333,0.35805107748152204,0.0022568972861503308,17.823796103549945,7.599551741815853,0.5333333333333333,3
asun,synthetic,D8h,0.003,45.0,15.0,30.0,0.3333333333333333,0.43033009742668527,0.007581443531432905,27.1196240969197,7.6308801656997565,0.6666666666666666,3
asun,synthetic,D8h,0.01,45.0,15.0,30.0,0.3333333333333333,0.5321261090444735,0.8313183192737793,30.67710573278652,15.78524487248967,0.7333333333333333,3
asun,synthetic,D8h,0.03,45.0,15.0,30.0,0.3333333333333333,0.5080529974447425,0.43928714115809053,38.83674659596024,20.720016256843763,0.8,3
asun,synthetic,D8h,0.1,45.0,15.0,30.0,0.3333333333333333,0.5962535157422798,0.5670690892433952,35.51814849119793,10.432521359692771,0.9333333333333333,3
asun,synthetic,Ih,0.0,15.0,0.0,15.0,0.0,3.353738521763543e-16,3.4011667994339474e-16,3.219782052601956e-07,0.0,0.0,1
asun,synthetic,Ih,0.0001,15.0,0.0,15.0,0.0,0.00019479228661739583,0.00019277071637528376,0.007504228814192393,0.0070307842514919115,0.0,1
asun,synthetic,Ih,0.001,15.0,0.0,15.0,0.0,0.0019480688073263905,0.0019280651715723697,0.07507647173970237,0.07027742943480737,0.0,1
asun,synthetic,Ih,0.003,15.0,0.0,15.0,0.0,0.04631717780628202,0.0057866203450586086,2.608029583724494,0.21828875210657528,0.06666666666666667,1
asun,synthetic,Ih,0.01,15.0,0.0,15.0,0.0,0.1359428759895421,0.01931843419584312,7.577031534280037,0.6769446321954644,0.2,1
asun,synthetic,Ih,0.03,15.0,0.0,15.0,0.0,0.23426272492394223,0.06371310498752704,12.69972064660268,2.1919342490304627,0.3333333333333333,1
asun,synthetic,Ih,0.1,15.0,0.0,15.0,0.0,0.21246893637961428,0.18784302954877563,8.314182656417353,6.396125170927246,0.8666666666666667,1
asun,synthetic,Oh,0.0,30.0,15.0,15.0,0.5,3.795048862613358e-16,3.461124860740544e-16,8.04945513150489e-08,0.0,0.0,2
asun,synthetic,Oh,0.0001,30.0,15.0,15.0,0.5,0.00018198927956221544,0.0001788947918767214,0.007062734077470195,0.006684009633205359,0.0,2
asun,synthetic,Oh,0.001,30.0,15.0,15.0,0.5,0.0018198561822218532,0.0017890858768444162,0.07062487420283746,0.06682093956116784,0.0,2
asun,synthetic,Oh,0.003,30.0,15.0,15.0,0.5,0.1260838635901129,0.005869854795794705,0.21012721424113676,0.1839958177843975,0.0,2
asun,synthetic,Oh,0.01,30.0,15.0,15.0,0.5,0.26733192801596134,0.028003655364322977,1.431584608238612,0.49350444861293996,0.06666666666666667,2
asun,synthetic,Oh,0.03,30.0,15.0,15.0,0.5,0.2884561288173827,0.06011606892747315,2.3612385651363166,1.832991538460549,0.06666666666666667,2
asun,synthetic,Oh,0.1,30.0,15.0,15.0,0.5,0.4325464946664123,0.6188781946330877,5.800819232625681,5.193514302519107,0.6,2
asun,synthetic,Td,0.0,30.0,0.0,30.0,0.0,2.7238669577118897e-16,2.6857876828042127e-16,8.04945513150489e-08,0.0,0.0,2
asun,synthetic,Td,0.0001,30.0,0.0,30.0,0.0,0.00013354856699138395,0.0001303682690201286,0.0063606324215868286,0.005737257646333328,0.0,2
asun,synthetic,Td,0.001,30.0,0.0,30.0,0.0,0.0013137170422043583,0.0013031872579621793,0.060572786282911587,0.0551810596018548,0.0,2
asun,synthetic,Td,0.003,30.0,0.0,30.0,0.0,0.02214788084638958,0.0038162374667050874,1.736904736125664,0.17025199442161326,0.03333333333333333,2
asun,synthetic,Td,0.01,30.0,0.0,30.0,0.0,0.15646350620791752,0.013764828527095794,12.940722486206974,0.6543423875336782,0.3,2
asun,synthetic,Td,0.03,30.0,0.0,30.0,0.0,0.2581220512205281,0.05950636246461864,21.117888897027807,3.485171314751106,0.4666666666666667,2
asun,synthetic,Td,0.1,30.0,0.0,30.0,0.0,0.3350962632982963,0.27072672208738136,24.96028777456361,18.734194776167364,0.9,2
ours,qm-sym,C2h,0.0,120.0,0.0,120.0,0.0,3.5583293094653816e-15,2.6969631720790127e-15,4.880558934591529e-07,0.0,0.0,8
ours,qm-sym,C2h,0.0001,120.0,0.0,120.0,0.0,0.00016019171015659543,0.0001589141132709585,0.0014651636495489895,0.001255598737916854,0.0,8
ours,qm-sym,C2h,0.001,120.0,0.0,120.0,0.0,0.0016019254277091406,0.0015892286025661674,0.014652600572022162,0.012569220399976013,0.0,8
ours,qm-sym,C2h,0.003,120.0,0.0,120.0,0.0,0.004805832919735628,0.004768271290855912,0.04396426558277319,0.03779597287768251,0.0,8
ours,qm-sym,C2h,0.01,120.0,0.0,120.0,0.0,0.016020144851661557,0.01590115403995062,0.14662487457347229,0.12772812149955792,0.0,8
ours,qm-sym,C2h,0.03,120.0,0.0,120.0,0.0,0.07421725844824198,0.04780798115598796,0.4633631315869655,0.3849884913265299,0.0,8
ours,qm-sym,C2h,0.1,120.0,0.0,120.0,0.0,0.25563252265244435,0.1600125050476119,2.3754304111856923,1.3206409161880142,0.041666666666666664,8
ours,qm-sym,C3h,0.0,75.0,0.0,75.0,0.0,2.235784410285794e-15,1.759702569904896e-15,3.9418634760841153e-07,0.0,0.0,5
ours,qm-sym,C3h,0.0001,75.0,0.0,75.0,0.0,4.454884759423252,4.510094409185981,44.73785626145532,48.11053062715477,0.9866666666666667,5
ours,qm-sym,C3h,0.001,75.0,0.0,75.0,0.0,4.515516831623417,4.528402484388498,44.70394301102299,47.4364724574643,1.0,5
ours,qm-sym,C3h,0.003,75.0,0.0,75.0,0.0,4.51552851481592,4.5281156723904585,44.628650952782834,47.44048595264551,1.0,5
ours,qm-sym,C3h,0.01,75.0,0.0,75.0,0.0,4.515786988477461,4.5273236615625745,44.79903867661086,47.45415165560702,1.0,5
ours,qm-sym,C3h,0.03,75.0,0.0,75.0,0.0,4.516521916808106,4.515338693068025,44.276351925306656,46.040852916109465,1.0,5
ours,qm-sym,C3h,0.1,75.0,0.0,75.0,0.0,4.541557463070487,4.538530010830529,44.881389426330465,48.22893620079112,0.9733333333333334,5
ours,qm-sym,C4h,0.0,30.0,0.0,30.0,0.0,2.0224334927258096e-15,1.6740876166473906e-15,2.1790734571353738e-07,0.0,0.0,2
ours,qm-sym,C4h,0.0001,30.0,0.0,30.0,0.0,3.9793428434591935,3.9589043034953537,42.87952259052451,47.06458200686062,1.0,2
ours,qm-sym,C4h,0.001,30.0,0.0,30.0,0.0,3.979372561066943,3.9588991402300997,42.997556798405284,47.065181977894554,1.0,2
ours,qm-sym,C4h,0.003,30.0,0.0,30.0,0.0,3.9794318957978465,3.9589003881659135,42.907546177754256,46.67102963004257,1.0,2
ours,qm-sym,C4h,0.01,30.0,0.0,30.0,0.0,3.9795552449414253,3.958859371670969,42.80537886681882,46.077320437941836,1.0,2
ours,qm-sym,C4h,0.03,30.0,0.0,30.0,0.0,3.9797968902762677,3.9591983055205553,42.67772986060527,46.11312648089125,1.0,2
ours,qm-sym,C4h,0.1,30.0,0.0,30.0,0.0,3.980880342600775,3.9666681306920837,42.4129808538941,46.071189981468834,1.0,2
ours,qm9,C*v,0.0,15.0,0.0,15.0,0.0,4.3447424802922515e-16,3.922143702898354e-16,60.0,90.0,0.6666666666666666,1
ours,qm9,C*v,0.0001,15.0,0.0,15.0,0.0,0.9121311088950523,0.0001736403041131334,93.94915686197425,90.0,0.8,1
ours,qm9,C*v,0.001,15.0,0.0,15.0,0.0,0.912846617400512,0.0017364421112497092,95.99605421572264,90.00000000000007,0.8,1
ours,qm9,C*v,0.003,15.0,0.0,15.0,0.0,1.1745008201435465,1.9537054882637794,84.99559731339225,90.00000000000189,0.7333333333333333,1
ours,qm9,C*v,0.01,15.0,0.0,15.0,0.0,1.439522484136204,1.9573073999877142,107.91906390084851,90.00000000110413,0.8666666666666667,1
ours,qm9,C*v,0.03,15.0,0.0,15.0,0.0,1.454962689062458,1.9652576049198953,119.5291449831289,178.37095958404703,0.8,1
ours,qm9,C*v,0.1,15.0,0.0,15.0,0.0,1.513136487751719,1.9963359462040273,112.80395520420335,90.00000307214768,0.8666666666666667,1
ours,qm9,C1,0.0,120.0,0.0,120.0,0.0,1.5262413133365808e-15,1.228357649294699e-15,3.8794700351022444e-07,0.0,0.0,8
ours,qm9,C1,0.0001,120.0,0.0,120.0,0.0,0.00018732984493853843,0.00018032866040083195,0.0034409783275280463,0.0031678876370317935,0.0,8
ours,qm9,C1,0.001,120.0,0.0,120.0,0.0,0.001873275456762576,0.001802798559259823,0.03441029450348549,0.03163058258809732,0.0,8
ours,qm9,C1,0.003,120.0,0.0,120.0,0.0,0.005619683855838608,0.005405165257139882,0.10323485005283199,0.09457105630169589,0.0,8
ours,qm9,C1,0.01,120.0,0.0,120.0,0.0,0.060678599393374576,0.01807261160716332,0.5184839959896465,0.32247712867073086,0.025,8
ours,qm9,C1,0.03,120.0,0.0,120.0,0.0,0.15390099952079636,0.05446017997933726,1.3988969242107259,1.0034402300337901,0.05,8
ours,qm9,C1,0.1,120.0,0.0,120.0,0.0,0.4421351531361703,0.19278978978682926,4.822619320966679,3.587778208703802,0.30833333333333335,8
ours,qm9,C2,0.0,120.0,0.0,120.0,0.0,3.0187915864349025e-15,2.2198011752516215e-15,3.761588493944198e-07,0.0,0.0,8
ours,qm9,C2,0.0001,120.0,0.0,120.0,0.0,0.00033510463181444725,0.0002154757179994564,0.008970623168491494,0.004533867888859693,0.0,8
ours,qm9,C2,0.001,120.0,0.0,120.0,0.0,0.0033529761599610896,0.0022899537554572705,0.09243874151411789,0.04956090418890274,0.0,8
ours,qm9,C2,0.003,120.0,0.0,120.0,0.0,0.009875284151206028,0.006635656161782038,0.27381379447958465,0.14471703988349655,0.0,8
ours,qm9,C2,0.01,120.0,0.0,120.0,0.0,0.04216342112050955,0.021434172868401,0.9075498669750768,0.46172115618527454,0.0,8
ours,qm9,C2,0.03,120.0,0.0,120.0,0.0,0.1698689246017567,0.06335145646189508,2.764136032175675,1.420678549291753,0.175,8
ours,qm9,C2,0.1,120.0,0.0,120.0,0.0,0.46733693252348124,0.2743909177820141,7.989160384137947,5.480371447828869,0.5333333333333333,8
ours,qm9,C2h,0.0,30.0,0.0,30.0,0.0,2.672602387948899e-15,1.9129729589245935e-15,5.260748693623446e-07,0.0,0.0,2
ours,qm9,C2h,0.0001,30.0,0.0,30.0,0.0,0.3122202359515932,0.00019138947344200316,27.012224886129356,0.004329517419101122,0.3,2
ours,qm9,C2h,0.001,30.0,0.0,30.0,0.0,0.34810887188986867,0.0019502571538767418,24.290669729969288,0.05386277268507636,0.26666666666666666,2
ours,qm9,C2h,0.003,30.0,0.0,30.0,0.0,0.4251152963820924,0.006102664858166445,25.018465066896724,0.2901075470609662,0.3333333333333333,2
ours,qm9,C2h,0.01,30.0,0.0,30.0,0.0,0.6542591542373876,1.0385922703933874,27.531489448719867,7.499709752587503,0.5333333333333333,2
ours,qm9,C2h,0.03,30.0,0.0,30.0,0.0,0.7785095423421147,1.0615404028332662,28.902378707969202,11.738256955336233,0.6333333333333333,2
ours,qm9,C2h,0.1,30.0,0.0,30.0,0.0,0.7972619526281479,1.093613120688481,31.395771871737374,9.11466794557198,0.7333333333333333,2
ours,qm9,C2v,0.0,120.0,0.0,120.0,0.0,3.1643018903504805e-15,1.5086991830810457e-15,3.6929505128544433e-07,0.0,0.0,8
ours,qm9,C2v,0.0001,120.0,0.0,120.0,0.0,0.0005038069405847284,0.00024372794006349559,0.0159431819365207,0.006027617462627288,0.0,8
ours,qm9,C2v,0.001,120.0,0.0,120.0,0.0,0.0053403779104622085,0.002133489960155457,0.17859693731812867,0.05284489304508846,0.0,8
ours,qm9,C2v,0.003,120.0,0.0,120.0,0.0,0.01636024044976448,0.006321065437172847,0.5510550993718444,0.14704006651444265,0.008333333333333333,8
ours,qm9,C2v,0.01,120.0,0.0,120.0,0.0,0.09347805668104972,0.021703386022194307,1.9474428326500088,0.528319101617478,0.1,8
ours,qm9,C2v,0.03,120.0,0.0,120.0,0.0,0.2333189134916396,0.06736744487794312,5.1569015126155175,1.544072094343484,0.20833333333333334,8
ours,qm9,C2v,0.1,120.0,0.0,120.0,0.0,0.4723536328625982,0.22620447982741623,9.375860014753963,5.283079987787438,0.525,8
ours,qm9,C3,0.0,15.0,0.0,15.0,0.0,9.315693619444366e-13,8.492137794378731e-13,5.496511775939539e-07,0.0,0.0,1
ours,qm9,C3,0.0001,15.0,0.0,15.0,0.0,0.10178654741207463,0.10117143066275511,2.9103131886373967,2.892819441496479,0.0,1
ours,qm9,C3,0.001,15.0,0.0,15.0,0.0,0.7447945439912412,0.8798159448521771,11.53904471039283,8.52263793161762,0.8,1
ours,qm9,C3,0.003,15.0,0.0,15.0,0.0,0.743532697655477,0.8486848977747632,12.959460941976083,8.870099999669094,0.8,1
ours,qm9,C3,0.01,15.0,0.0,15.0,0.0,0.7036169013775283,0.7845009169297923,11.688699018765465,10.902898676007524,0.6666666666666666,1
ours,qm9,C3,0.03,15.0,0.0,15.0,0.0,0.7111534638108009,0.7870339110309301,11.741484692163047,10.415381946385644,0.6666666666666666,1
ours,qm9,C3,0.1,15.0,0.0,15.0,0.0,0.7474295332809859,0.8362592089727059,12.265396121999386,9.881780212075217,0.8,1
ours,qm9,Ci,0.0,15.0,0.0,15.0,0.0,1.4535810105525458e-15,1.428881576622265e-15,4.69156626278905e-07,0.0,0.0,1
ours,qm9,Ci,0.0001,15.0,0.0,15.0,0.0,0.00017158547632751848,0.0001705979564850073,0.001427081021569933,0.0014679316412757734,0.0,1
ours,qm9,Ci,0.001,15.0,0.0,15.0,0.0,0.0016341404878426598,0.001639502778498825,0.014269791243838589,0.01468860387481045,0.0,1
ours,qm9,Ci,0.003,15.0,0.0,15.0,0.0,0.004899178369478487,0.004923489682150007,0.04280242949649184,0.04412317290215898,0.0,1
ours,qm9,Ci,0.01,15.0,0.0,15.0,0.0,0.1693515739057974,0.01668137800490615,2.8837109824641023,0.15880542988715413,0.2,1
ours,qm9,Ci,0.03,15.0,0.0,15.0,0.0,0.2941397070554167,0.050044300086784656,4.866173093473516,0.586488867117965,0.3333333333333333,1
ours,qm9,Ci,0.1,15.0,0.0,15.0,0.0,0.5653395490449753,0.7645091752063601,5.602922897555483,3.7286199168517027,0.4,1
ours,qm9,Cs,0.0,120.0,0.0,120.0,0.0,1.5421405204084295e-15,1.1529575302255347e-15,4.0634430613756315e-07,0.0,0.0,8
ours,qm9,Cs,0.0001,120.0,0.0,120.0,0.0,0.2180994367690893,0.00018071643260843208,13.655457552047624,0.002978682089640394,0.16666666666666666,8
ours,qm9,Cs,0.001,120.0,0.0,120.0,0.0,0.2793552317950471,0.001739607514351081,14.632873922242986,0.031699329040723576,0.18333333333333332,8
ours,qm9,Cs,0.003,120.0,0.0,120.0,0.0,0.36575211083909337,0.005483176659616841,14.102475987236406,0.09984400060473538,0.19166666666666668,8
ours,qm9,Cs,0.01,120.0,0.0,120.0,0.0,0.5558059625416152,0.02912990795689281,15.457732389367091,0.407179492286982,0.25833333333333336,8
ours,qm9,Cs,0.03,120.0,0.0,120.0,0.0,0.6908298266739584,0.29219279776249296,16.332696425975318,1.2501787734569763,0.2833333333333333,8
ours,qm9,Cs,0.1,120.0,0.0,120.0,0.0,0.7654208774688984,0.37666418160633364,18.645102215417936,3.698442917201083,0.43333333333333335,8
ours,qm9,D2,0.0,15.0,0.0,15.0,0.0,1.1415655552044372e-15,1.0887867229736422e-15,4.3581469142707476e-07,0.0,0.0,1
ours,qm9,D2,0.0001,15.0,0.0,15.0,0.0,0.000232571387514799,0.00017092478058557353,0.0042048017399894016,0.00228166722094036,0.0,1
ours,qm9,D2,0.001,15.0,0.0,15.0,0.0,0.0017411455930660138,0.0016683275053935276,0.024755755954170858,0.02280981503754064,0.0,1
ours,qm9,D2,0.003,15.0,0.0,15.0,0.0,0.005154692446124058,0.004911677397572143,0.07364737411254248,0.06577805075254341,0.0,1
ours,qm9,D2,0.01,15.0,0.0,15.0,0.0,0.017171713683523375,0.016381873827466305,0.2458479717833553,0.21896201692562964,0.0,1
ours,qm9,D2,0.03,15.0,0.0,15.0,0.0,0.05152526595668221,0.04928059626813183,0.7399787831502159,0.6542652046238725,0.0,1
ours,qm9,D2,0.1,15.0,0.0,15.0,0.0,0.17233027050350516,0.16359458871263852,2.517443794597228,2.147872109192101,0.06666666666666667,1
ours,synthetic,C2h,0.0,15.0,0.0,15.0,0.0,5.338450920628248e-16,4.756295149049138e-16,4.69156626278905e-07,0.0,0.0,1
ours,synthetic,C2h,0.0001,15.0,0.0,15.0,0.0,0.11838845400026576,0.0001617689899447311,3.477202549702663,0.00477035250503171,0.13333333333333333,1
ours,synthetic,C2h,0.001,15.0,0.0,15.0,0.0,0.11981146177670127,0.0016175493516786676,3.5148881893463004,0.04776968921108935,0.13333333333333333,1
ours,synthetic,C2h,0.003,15.0,0.0,15.0,0.0,0.12297695214120276,0.004851684131647917,3.5987933312851537,0.14375114779257825,0.13333333333333333,1
ours,synthetic,C2h,0.01,15.0,0.0,15.0,0.0,0.13409216458725481,0.016263546189508416,3.8942306108895695,0.4843624625843411,0.13333333333333333,1
ours,synthetic,C2h,0.03,15.0,0.0,15.0,0.0,0.16617470536843384,0.049715675220619086,4.754445137134281,1.4443512501288804,0.13333333333333333,1
ours,synthetic,C2h,0.1,15.0,0.0,15.0,0.0,0.2825652240908878,0.1772049695573196,7.975914164790484,5.496884524582355,0.5333333333333333,1
ours,synthetic,D*h,0.0,30.0,0.0,30.0,0.0,2.1597365414525725e-16,2.1203681063691976e-16,54.45527554472615,90.0,0.6333333333333333,2
ours,synthetic,D*h,0.0001,30.0,0.0,30.0,0.0,0.00010887012714793266,0.0001074237429215727,47.9737920909039,89.60688136355849,0.5333333333333333,2
ours,synthetic,D*h,0.001,30.0,0.0,30.0,0.0,0.0010886756517246839,0.001074269913089709,41.949774747288544,3.062021319774982e-05,0.4666666666666667,2
ours,synthetic,D*h,0.003,30.0,0.0,30.0,0.0,0.0032658583194495397,0.0032230273042183092,51.000056387057874,90.0,0.5666666666666667,2
ours,synthetic,D*h,0.01,30.0,0.0,30.0,0.0,0.01088430854874444,0.010745999998517164,39.00080900594093,0.003493779958864191,0.43333333333333335,2
ours,synthetic,D*h,0.03,30.0,0.0,30.0,0.0,0.03263901967157376,0.03226106652149513,42.004631292148275,0.024607390302533033,0.4666666666666667,2
ours,synthetic,D*h,0.1,30.0,0.0,30.0,0.0,0.1087364828452877,0.10784835083266511,46.764774376780025,70.32378178486582,0.5333333333333333,2
ours,synthetic,D2d,0.0,15.0,0.0,15.0,0.0,8.622672547727604e-16,6.508487379128428e-16,3.5532014011202584e-07,0.0,0.0,1
ours,synthetic,D2d,0.0001,15.0,0.0,15.0,0.0,0.25235651840285683,0.2775779239034351,27.581243562282417,30.211693667062658,0.9333333333333333,1
ours,synthetic,D2d,0.001,15.0,0.0,15.0,0.0,0.25299772059897596,0.2781848578509423,27.58765331069445,30.203363430247723,0.9333333333333333,1
ours,synthetic,D2d,0.003,15.0,0.0,15.0,0.0,0.25443383933913283,0.27953781263261496,27.601879789487004,30.184727636521828,0.9333333333333333,1
ours,synthetic,D2d,0.01,15.0,0.0,15.0,0.0,0.25957273241031226,0.2843185150054318,27.651426174771117,30.118131867364397,0.9333333333333333,1
ours,synthetic,D2d,0.03,15.0,0.0,15.0,0.0,0.27324886799557285,0.29835758984198424,27.577079337508305,29.915574324081355,0.9333333333333333,1
ours,synthetic,D2d,0.1,15.0,0.0,15.0,0.0,0.3337518857488858,0.3517499807020562,27.87637262876484,29.044342349591055,1.0,1
ours,synthetic,D3h,0.0,60.0,0.0,60.0,0.0,6.565019672008624e-16,4.95048656686325e-16,3.268610185703061e-07,0.0,0.0,4
ours,synthetic,D3h,0.0001,60.0,0.0,60.0,0.0,0.8578306191320217,0.6773184658491723,64.17418212955775,67.28239521511357,1.0,4
ours,synthetic,D3h,0.001,60.0,0.0,60.0,0.0,0.8581876781407048,0.6769554455300537,64.20806967278092,67.26434688978763,1.0,4
ours,synthetic,D3h,0.003,60.0,0.0,60.0,0.0,0.8590399543945871,0.6760870380887649,64.23322732325416,67.22615719679641,1.0,4
ours,synthetic,D3h,0.01,60.0,0.0,60.0,0.0,0.8612387749565475,0.6824766656332502,64.07345645382132,67.27140828165675,1.0,4
ours,synthetic,D3h,0.03,60.0,0.0,60.0,0.0,0.8777256296637498,0.7150100907504537,64.57257705367822,70.58799339403237,1.0,4
ours,synthetic,D3h,0.1,60.0,0.0,60.0,0.0,0.8987020662301054,0.7222260720681581,64.21293141882187,78.37695436666584,1.0,4
ours,synthetic,D4h,0.0,45.0,0.0,45.0,0.0,2.576513380424763e-16,2.244022305994944e-16,4.554567251921001e-07,0.0,0.0,3
ours,synthetic,D4h,0.0001,45.0,0.0,45.0,0.0,0.6537314098684546,0.7424616536026676,47.91346633400177,34.486716003660675,1.0,3
ours,synthetic,D4h,0.001,45.0,0.0,45.0,0.0,0.6537969468459051,0.7416229273692876,47.904293034199455,34.483542962162005,1.0,3
ours,synthetic,D4h,0.003,45.0,0.0,45.0,0.0,0.6538384458161614,0.7420381707773758,47.87999039667624,34.47700005166292,1.0,3
ours,synthetic,D4h,0.01,45.0,0.0,45.0,0.0,0.6536286395292739,0.7357935028255167,47.78767505541636,34.459646368618884,1.0,3
ours,synthetic,D4h,0.03,45.0,0.0,45.0,0.0,0.6551992715561067,0.7268475051652195,48.11134992825546,35.27017079706569,1.0,3
ours,synthetic,D4h,0.1,45.0,0.0,45.0,0.0,0.6837720950809326,0.7147094833163541,50.66806575740448,39.376735709623965,0.9777777777777777,3
ours,synthetic,D5h,0.0,45.0,0.0,45.0,0.0,3.539162480215673e-16,3.278528387043068e-16,4.1751122980314033e-07,0.0,0.0,3
ours,synthetic,D5h,0.0001,45.0,0.0,45.0,0.0,0.7968615598894955,0.6890452575178588,45.01876732261648,23.211672152437323,1.0,3
ours,synthetic,D5h,0.001,45.0,0.0,45.0,0.0,0.7970664523971498,0.6898903385210278,45.03064466490232,23.213132713411166,1.0,3
ours,synthetic,D5h,0.003,45.0,0.0,45.0,0.0,0.7975382373940622,0.6894751046580735,45.05755584389265,23.266275900801944,1.0,3
ours,synthetic,D5h,0.01,45.0,0.0,45.0,0.0,0.7993070022362048,0.6941094443876745,45.137913771256564,23.6349576563532,1.0,3
ours,synthetic,D5h,0.03,45.0,0.0,45.0,0.0,0.8041109077354002,0.7026176651764616,45.212340847745025,24.599348197896166,1.0,3
ours,synthetic,D5h,0.1,45.0,0.0,45.0,0.0,0.8304637017169918,0.724519430804634,44.65862860474629,27.293498622967686,1.0,3
ours,synthetic,D6h,0.0,60.0,0.0,60.0,0.0,6.752016293833777e-16,6.702547787149248e-16,3.386491726861107e-07,0.0,0.0,4
ours,synthetic,D6h,0.0001,60.0,0.0,60.0,0.0,1.1559084428838058,1.1182525452137855,55.052069601712134,62.069319687986194,0.9666666666666667,4
ours,synthetic,D6h,0.001,60.0,0.0,60.0,0.0,1.1558402791520122,1.1182085584554038,55.026681632424484,62.11547924675516,0.9666666666666667,4
ours,synthetic,D6h,0.003,60.0,0.0,60.0,0.0,1.1557041053071928,1.1181168249453053,54.87944633208496,62.21536051579479,0.9666666666666667,4
ours,synthetic,D6h,0.01,60.0,0.0,60.0,0.0,1.1550885106952706,1.1178610179680295,54.65212597776373,61.36972897974521,0.9666666666666667,4
ours,synthetic,D6h,0.03,60.0,0.0,60.0,0.0,1.1545676833579577,1.1155422728056932,54.023165531499025,58.88264996547482,0.9666666666666667,4
ours,synthetic,D6h,0.1,60.0,0.0,60.0,0.0,1.1649602766014386,1.1081447862387208,51.73099130857761,55.570070825243754,0.9666666666666667,4
ours,synthetic,D7h,0.0,45.0,0.0,45.0,0.0,4.446688856703243e-16,4.1853307374613577e-16,4.135867348591879e-07,0.0,0.0,3
ours,synthetic,D7h,0.0001,45.0,0.0,45.0,0.0,1.1094799172780552,0.9808785658708776,45.45880283621397,30.601786254927976,1.0,3
ours,synthetic,D7h,0.001,45.0,0.0,45.0,0.0,1.1096609995200297,0.9809498084399882,45.45847198832795,30.621701723174446,1.0,3
ours,synthetic,D7h,0.003,45.0,0.0,45.0,0.0,1.11007263032903,0.9811168464377908,45.45793853196347,30.661956251128235,1.0,3
ours,synthetic,D7h,0.01,45.0,0.0,45.0,0.0,1.1115364455182593,0.9817953174522062,45.45511260874375,30.59440370830244,1.0,3
ours,synthetic,D7h,0.03,45.0,0.0,45.0,0.0,1.1164967951566707,0.9853945357242804,45.210943427062,30.433052855673438,1.0,3
ours,synthetic,D7h,0.1,45.0,0.0,45.0,0.0,1.136921350364929,1.0117939957983544,42.70986325181292,28.272650004070435,1.0,3
ours,synthetic,D8h,0.0,45.0,0.0,45.0,0.0,5.605415166310704e-16,5.40807857411668e-16,4.4232510917388873e-07,0.0,0.0,3
ours,synthetic,D8h,0.0001,45.0,0.0,45.0,0.0,1.2844349000032846,1.2041876912115563,34.309982907879586,21.181430269514866,0.8888888888888888,3
ours,synthetic,D8h,0.001,45.0,0.0,45.0,0.0,1.2844393370033171,1.20451789636273,34.300095573821025,21.185514705418587,0.8888888888888888,3
ours,synthetic,D8h,0.003,45.0,0.0,45.0,0.0,1.2844623725632878,1.205259006649161,34.278416774981444,21.194588705647778,0.8888888888888888,3
ours,synthetic,D8h,0.01,45.0,0.0,45.0,0.0,1.2846576228296063,1.2079324494218393,34.330133144834576,21.226321464327185,0.8888888888888888,3
ours,synthetic,D8h,0.03,45.0,0.0,45.0,0.0,1.2859406058501295,1.2133869482670594,33.753554380738876,21.316793804649084,0.8666666666666667,3
ours,synthetic,D8h,0.1,45.0,0.0,45.0,0.0,1.2970284268940946,1.2087518593996562,32.53868652247987,18.053459193277273,0.8666666666666667,3
ours,synthetic,Ih,0.0,15.0,0.0,15.0,0.0,2.9198965629977293e-16,2.70432727491445e-16,0.0,0.0,0.0,1
ours,synthetic,Ih,0.0001,15.0,0.0,15.0,0.0,0.566706731767473,0.6224516588290175,19.369852700420786,16.31701249862471,1.0,1
ours,synthetic,Ih,0.001,15.0,0.0,15.0,0.0,0.5666098574659492,0.622516708617312,19.36945571485605,16.35018775799655,1.0,1
ours,synthetic,Ih,0.003,15.0,0.0,15.0,0.0,0.5664086450172559,0.6226943733156652,19.368799454622483,16.424014582799913,1.0,1
ours,synthetic,Ih,0.01,15.0,0.0,15.0,0.0,0.5655264571443744,0.6234923411800994,20.65918094662852,18.135710250813215,1.0,1
ours,synthetic,Ih,0.03,15.0,0.0,15.0,0.0,0.5633263815275422,0.6203558868185862,21.318963039535387,19.337770576145186,0.9333333333333333,1
ours,synthetic,Ih,0.1,15.0,0.0,15.0,0.0,0.5650063720677816,0.6093791641947032,18.09341408890128,18.043437422875726,0.8666666666666667,1
ours,synthetic,Oh,0.0,30.0,0.0,30.0,0.0,2.2073077904667545e-16,1.8446689820085113e-16,2.345783131394525e-07,0.0,0.0,2
ours,synthetic,Oh,0.0001,30.0,0.0,30.0,0.0,0.579673134502691,0.6192382055640457,33.08222482860334,37.30136793863566,1.0,2
ours,synthetic,Oh,0.001,30.0,0.0,30.0,0.0,0.5797850088476927,0.6191616317438904,33.0861666201029,37.31446648531424,1.0,2
ours,synthetic,Oh,0.003,30.0,0.0,30.0,0.0,0.580046179115505,0.6190024080913019,33.09555525920059,37.344090629271676,1.0,2
ours,synthetic,Oh,0.01,30.0,0.0,30.0,0.0,0.5810931185734919,0.6185632687718957,33.13463556277062,37.45333892188213,1.0,2
ours,synthetic,Oh,0.03,30.0,0.0,30.0,0.0,0.5920745090652042,0.6303687281061978,33.75323605832389,38.14422158090255,1.0,2
ours,synthetic,Oh,0.1,30.0,0.0,30.0,0.0,0.6195146453357396,0.6660337556630086,35.980705145732834,41.99792512971845,1.0,2
ours,synthetic,Td,0.0,30.0,0.0,30.0,0.0,2.0424495448259356e-16,2.035793959817776e-16,8.04945513150489e-08,0.0,0.0,2
ours,synthetic,Td,0.0001,30.0,0.0,30.0,0.0,0.6167637718122535,0.6293215153842115,53.977498222721366,55.494299068673854,1.0,2
ours,synthetic,Td,0.001,30.0,0.0,30.0,0.0,0.6168222271440079,0.6295942234184808,53.974635183439545,55.5319016915481,1.0,2
ours,synthetic,Td,0.003,30.0,0.0,30.0,0.0,0.6169592538307003,0.6302137668633354,53.96839940818859,55.616001862253526,1.0,2
ours,synthetic,Td,0.01,30.0,0.0,30.0,0.0,0.6175167685381608,0.6324833046296272,53.94796401499003,55.916310010794,1.0,2
ours,synthetic,Td,0.03,30.0,0.0,30.0,0.0,0.6176007607654472,0.6372312999256879,53.690720368538926,56.244085277999076,1.0,2
ours,synthetic,Td,0.1,30.0,0.0,30.0,0.0,0.6237650662819847,0.6339893687758464,52.73744729130993,55.46479556443096,1.0,2
ours_wwv,qm-sym,C2h,0.0,120.0,0.0,120.0,0.0,1.2869305141573426e-13,1.0340882642534159e-13,3.9851078697751465e-07,0.0,0.0,8
ours_wwv,qm-sym,C2h,0.0001,120.0,0.0,120.0,0.0,4.352170211185296,4.424276174191143,66.20220373002826,65.05313924737115,0.975,8
ours_wwv,qm-sym,C2h,0.001,120.0,0.0,120.0,0.0,4.351951992451787,4.422525222246374,66.19902708350395,65.17517175629823,0.975,8
ours_wwv,qm-sym,C2h,0.003,120.0,0.0,120.0,0.0,4.339909700845268,4.428045005547647,67.13349618958539,65.58081132425686,0.975,8
ours_wwv,qm-sym,C2h,0.01,120.0,0.0,120.0,0.0,4.476689962490004,4.518881735352135,69.04508326990131,67.45719614066236,1.0,8
ours_wwv,qm-sym,C2h,0.03,120.0,0.0,120.0,0.0,4.543873680898892,4.544320274255302,64.79690361756043,63.14953541680484,0.9916666666666667,8
ours_wwv,qm-sym,C2h,0.1,120.0,0.0,120.0,0.0,4.588632012463015,4.738106756924028,67.02194844996531,66.7423547598237,0.9833333333333333,8
ours_wwv,qm-sym,C3h,0.0,75.0,0.0,75.0,0.0,1.3707754161340674e-13,6.578719430069948e-14,5.103775307416621e-07,0.0,0.0,5
ours_wwv,qm-sym,C3h,0.0001,75.0,0.0,75.0,0.0,0.05622865329427269,0.02489334811677767,0.9707287934660538,0.4028122420493062,0.02666666666666667,5
ours_wwv,qm-sym,C3h,0.001,75.0,0.0,75.0,0.0,0.5383908412139425,0.24336594345180856,11.932040970697804,3.964449442466426,0.4266666666666667,5
ours_wwv,qm-sym,C3h,0.003,75.0,0.0,75.0,0.0,1.250271333701704,0.7032538630022674,26.824748009002953,11.656946810368435,0.7733333333333333,5
ours_wwv,qm-sym,C3h,0.01,75.0,0.0,75.0,0.0,2.4637517911695297,2.334907452543371,44.45229464327761,38.816952371536495,0.96,5
ours_wwv,qm-sym,C3h,0.03,75.0,0.0,75.0,0.0,2.9849591896191496,3.175698510795752,45.97939219283007,44.88082435162692,0.9866666666666667,5
ours_wwv,qm-sym,C3h,0.1,75.0,0.0,75.0,0.0,3.1295927593372013,3.4373744462768725,44.714495494756605,45.19575495708081,1.0,5
ours_wwv,qm-sym,C4h,0.0,30.0,0.0,30.0,0.0,1.822796121372755e-13,1.743093752554276e-13,4.524856588529899e-07,0.0,0.0,2
ours_wwv,qm-sym,C4h,0.0001,30.0,0.0,30.0,0.0,2.3231760853345236,2.5359280865179756,33.927428984213265,34.24816350038406,0.9666666666666667,2
ours_wwv,qm-sym,C4h,0.001,30.0,0.0,30.0,0.0,2.3233117030228856,2.5353521461668835,33.931832601465445,34.22676113790365,0.9666666666666667,2
ours_wwv,qm-sym,C4h,0.003,30.0,0.0,30.0,0.0,2.243869308294357,2.382963408603115,35.04545049867016,34.17823602700238,0.9666666666666667,2
ours_wwv,qm-sym,C4h,0.01,30.0,0.0,30.0,0.0,2.309407571584364,2.423581678901826,33.23509914477404,33.175895642574794,0.9666666666666667,2
ours_wwv,qm-sym,C4h,0.03,30.0,0.0,30.0,0.0,2.50364878544773,2.659552037900805,36.27192807517623,36.085980670035795,0.9333333333333333,2
ours_wwv,qm-sym,C4h,0.1,30.0,0.0,30.0,0.0,2.6477052911346237,2.5357827556451085,32.26147028421566,31.871173328952995,1.0,2
ours_wwv,qm9,C*v,0.0,15.0,0.0,15.0,0.0,1.7258372716808718e-15,1.4594245837916098e-15,41.74262901622328,0.0,0.4666666666666667,1
ours_wwv,qm9,C*v,0.0001,15.0,0.0,15.0,0.0,0.0016731347583849611,0.0016868690140112506,42.03829752489441,0.11051169992496508,0.4666666666666667,1
ours_wwv,qm9,C*v,0.001,15.0,0.0,15.0,0.0,0.016753375263955175,0.017178500105784058,24.46689875998405,0.798073275011389,0.26666666666666666,1
ours_wwv,qm9,C*v,0.003,15.0,0.0,15.0,0.0,0.05042982896447708,0.05371779414416285,25.51535624278212,2.3320360399183993,0.26666666666666666,1
ours_wwv,qm9,C*v,0.01,15.0,0.0,15.0,0.0,0.17085602374965844,0.16648912210447103,23.55859022236346,7.107976351507025,0.8,1
ours_wwv,qm9,C*v,0.03,15.0,0.0,15.0,0.0,0.5489971071308481,0.44551302144513905,31.169538395886615,19.004865593188832,1.0,1
ours_wwv,qm9,C*v,0.1,15.0,0.0,15.0,0.0,1.392154430279096,1.3198211008521135,77.34292051557368,90.00180069673085,1.0,1
ours_wwv,qm9,C1,0.0,120.0,0.0,120.0,0.0,2.730238598750404e-15,1.5349153579109533e-15,4.939499705170551e-07,0.0,0.0,8
ours_wwv,qm9,C1,0.0001,120.0,0.0,120.0,0.0,0.0014217169203648535,0.000671777802301702,0.057420862458875996,0.019664657985348104,0.0,8
ours_wwv,qm9,C1,0.001,120.0,0.0,120.0,0.0,0.01423126093074421,0.006706341054205095,0.5749902394652767,0.19366233084233078,0.016666666666666666,8
ours_wwv,qm9,C1,0.003,120.0,0.0,120.0,0.0,0.05547463307349565,0.02014406329874465,3.637739989264182,0.5835404666430142,0.09166666666666666,8
ours_wwv,qm9,C1,0.01,120.0,0.0,120.0,0.0,0.18868762671445402,0.06731874155756579,9.02442678364803,1.9742989553805539,0.2,8
ours_wwv,qm9,C1,0.03,120.0,0.0,120.0,0.0,0.5171971935625461,0.2229605044120329,18.61543866660335,6.828894958506108,0.6416666666666667,8
ours_wwv,qm9,C1,0.1,120.0,0.0,120.0,0.0,1.037404432170253,1.0309615339298088,27.979838042151506,17.639594167698647,0.9583333333333334,8
ours_wwv,qm9,C2,0.0,120.0,0.0,120.0,0.0,2.011611069037435e-14,8.253214262609123e-15,6.075733497832117e-07,0.0,0.0,8
ours_wwv,qm9,C2,0.0001,120.0,0.0,120.0,0.0,0.11796936980948876,0.0041074861579060715,1.323592148827051,0.14185539066654093,0.075,8
ours_wwv,qm9,C2,0.001,120.0,0.0,120.0,0.0,0.20867687190844622,0.052370218762131895,3.909224626014922,1.3578472279604505,0.225,8
ours_wwv,qm9,C2,0.003,120.0,0.0,120.0,0.0,0.30437831508829327,0.14906195665944372,6.837992115274344,3.272350774057955,0.39166666666666666,8
ours_wwv,qm9,C2,0.01,120.0,0.0,120.0,0.0,0.6004951391384256,0.6476084314832897,17.71720497271092,8.950991745653516,0.5916666666666667,8
ours_wwv,qm9,C2,0.03,120.0,0.0,120.0,0.0,0.7892574705113354,0.8658551950577368,20.746594578617167,9.753784646916568,0.8,8
ours_wwv,qm9,C2,0.1,120.0,0.0,120.0,0.0,1.1177560668358821,1.082623218300423,28.683202186755747,16.946656413402643,0.975,8
ours_wwv,qm9,C2h,0.0,30.0,0.0,30.0,0.0,1.4683163737829912e-11,6.3290490292815735e-12,3.6508576673224684e-07,0.0,0.0,2
ours_wwv,qm9,C2h,0.0001,30.0,0.0,30.0,0.0,1.4071155741607482,1.4204525806126194,43.111090535327754,39.29482618578096,0.9666666666666667,2
ours_wwv,qm9,C2h,0.001,30.0,0.0,30.0,0.0,1.5164983496013726,1.3262684812082708,55.87798328140012,48.829100095720136,0.9333333333333333,2
ours_wwv,qm9,C2h,0.003,30.0,0.0,30.0,0.0,1.5228061545723948,1.3118739536776407,56.01761014161491,49.08820291421379,0.9333333333333333,2
ours_wwv,qm9,C2h,0.01,30.0,0.0,30.0,0.0,1.5987800747151124,1.4658183119335733,55.8597769116634,54.55899040969466,0.9333333333333333,2
ours_wwv,qm9,C2h,0.03,30.0,0.0,30.0,0.0,1.6288765363643807,1.5349599614636578,55.2352045691474,49.4600360722398,0.9666666666666667,2
ours_wwv,qm9,C2h,0.1,30.0,0.0,30.0,0.0,1.695480706059151,1.6787305691477576,54.05939124375403,52.498579872669225,1.0,2
ours_wwv,qm9,C2v,0.0,120.0,0.0,120.0,0.0,2.112616110641458e-15,1.4184369758913154e-15,3.8672263286171e-07,0.0,0.0,8
ours_wwv,qm9,C2v,0.0001,120.0,0.0,120.0,0.0,0.0011308225214596318,0.0006832761864127212,0.036636398449012904,0.01969477169000039,0.0,8
ours_wwv,qm9,C2v,0.001,120.0,0.0,120.0,0.0,0.010174465687363297,0.0058499734721711855,0.38500653115143396,0.20606399298019018,0.0,8
ours_wwv,qm9,C2v,0.003,120.0,0.0,120.0,0.0,0.0314855969677471,0.01908815580513861,1.1999518178356314,0.6218065819852197,0.041666666666666664,8
ours_wwv,qm9,C2v,0.01,120.0,0.0,120.0,0.0,0.1311321177961509,0.06432558429791663,5.371038793624072,2.093040524275863,0.20833333333333334,8
ours_wwv,qm9,C2v,0.03,120.0,0.0,120.0,0.0,0.3683082245302388,0.21374072952689904,14.221234982219208,6.99720759394304,0.6583333333333333,8
ours_wwv,qm9,C2v,0.1,120.0,0.0,120.0,0.0,0.9574835165091647,0.9518157490013739,30.63531342463238,24.450248791921673,0.9416666666666667,8
ours_wwv,qm9,C3,0.0,15.0,0.0,15.0,0.0,2.234581755700247e-15,2.2117822534335725e-15,6.301457289090028e-07,0.0,0.0,1
ours_wwv,qm9,C3,0.0001,15.0,0.0,15.0,0.0,0.0012212252541711412,0.0008299121974464202,0.029050249330716427,0.024984956262317896,0.0,1
ours_wwv,qm9,C3,0.001,15.0,0.0,15.0,0.0,0.00909155455143336,0.007237764130833084,0.26801468513902466,0.21318437484747296,0.0,1
ours_wwv,qm9,C3,0.003,15.0,0.0,15.0,0.0,0.026508786204233616,0.021584925934492388,0.8019244032352864,0.635542420207954,0.0,1
ours_wwv,qm9,C3,0.01,15.0,0.0,15.0,0.0,0.18135458176830752,0.073886164890236,2.789074688167612,2.2616949581256187,0.26666666666666666,1
ours_wwv,qm9,C3,0.03,15.0,0.0,15.0,0.0,0.49464830354543626,0.6739806964247711,8.133577970405177,4.6540523486823915,0.4,1
ours_wwv,qm9,C3,0.1,15.0,0.0,15.0,0.0,0.834431696625976,0.8024640038864154,16.020462637684055,15.654388484668484,0.9333333333333333,1
ours_wwv,qm9,Ci,0.0,15.0,0.0,15.0,0.0,9.30170391343997e-12,8.523510383650926e-12,0.0,0.0,0.0,1
ours_wwv,qm9,Ci,0.0001,15.0,0.0,15.0,0.0,1.4826990422055042,1.9315589298728402,24.83657392325805,25.437570815342923,0.9333333333333333,1
ours_wwv,qm9,Ci,0.001,15.0,0.0,15.0,0.0,1.406484603256471,1.2474211743273749,28.983345580269123,31.88772200484351,0.9333333333333333,1
ours_wwv,qm9,Ci,0.003,15.0,0.0,15.0,0.0,1.4091169762457867,1.2748093375426088,29.192952314025614,31.570008348332358,0.9333333333333333,1
ours_wwv,qm9,Ci,0.01,15.0,0.0,15.0,0.0,1.404860993386833,1.283169762617838,26.20417434718261,27.718119508642005,0.8666666666666667,1
ours_wwv,qm9,Ci,0.03,15.0,0.0,15.0,0.0,1.3928475765772153,1.2870288216227626,27.058959609546882,26.219880541885917,0.9333333333333333,1
ours_wwv,qm9,Ci,0.1,15.0,0.0,15.0,0.0,1.2822692877247315,1.235291528146519,19.81428036874466,18.371284245542466,1.0,1
ours_wwv,qm9,Cs,0.0,120.0,0.0,120.0,0.0,2.4370604617658534e-15,2.32060341941952e-15,4.3627511328326507e-07,0.0,0.0,8
ours_wwv,qm9,Cs,0.0001,120.0,0.0,120.0,0.0,0.0011306253367583975,0.0008973625020785882,12.035688227915193,0.033553207456980885,0.13333333333333333,8
ours_wwv,qm9,Cs,0.001,120.0,0.0,120.0,0.0,0.012282547398961625,0.00924763945942144,13.129824676174774,0.36070350780844146,0.14166666666666666,8
ours_wwv,qm9,Cs,0.003,120.0,0.0,120.0,0.0,0.0376426141291226,0.02851826044678342,13.917268966264354,1.1133984065312847,0.15833333333333333,8
ours_wwv,qm9,Cs,0.01,120.0,0.0,120.0,0.0,0.151136300310355,0.09614890024228767,17.525239455566258,3.745561080455879,0.4166666666666667,8
ours_wwv,qm9,Cs,0.03,120.0,0.0,120.0,0.0,0.4736613872986593,0.3097688666457957,25.813801449090853,10.2995068608158,0.7833333333333333,8
ours_wwv,qm9,Cs,0.1,120.0,0.0,120.0,0.0,1.2741688102193625,1.2526459414277085,41.277357070699885,28.605076318551667,0.975,8
ours_wwv,qm9,D2,0.0,15.0,0.0,15.0,0.0,1.2408925393626231e-15,1.122394321460727e-15,3.8866207496385615e-07,0.0,0.0,1
ours_wwv,qm9,D2,0.0001,15.0,0.0,15.0,0.0,0.0004575928720848744,0.0004384261231862416,0.01605364299507812,0.015192377547858165,0.0,1
ours_wwv,qm9,D2,0.001,15.0,0.0,15.0,0.0,0.004249663286544375,0.004225192193075985,0.14787963703161078,0.1517003139200612,0.0,1
ours_wwv,qm9,D2,0.003,15.0,0.0,15.0,0.0,0.01342011904838143,0.012655514080182863,0.4727303708339701,0.4826208630094584,0.0,1
ours_wwv,qm9,D2,0.01,15.0,0.0,15.0,0.0,0.044420451992084706,0.041944366940272634,1.554247305648252,1.4889706159940534,0.0,1
ours_wwv,qm9,D2,0.03,15.0,0.0,15.0,0.0,0.13132509224321082,0.1236161839224992,4.583055864703932,4.426040663668541,0.3333333333333333,1
ours_wwv,qm9,D2,0.1,15.0,0.0,15.0,0.0,1.125994777323905,1.3309347929651745,24.515633947253995,25.470578765161147,0.8666666666666667,1
ours_wwv,synthetic,C2h,0.0,15.0,0.0,15.0,0.0,2.793595035241904e-16,2.645066381226139e-16,36.00000027482559,1.2074182697257333e-06,0.4,1
ours_wwv,synthetic,C2h,0.0001,15.0,0.0,15.0,0.0,0.9424628907854847,0.8678433345943426,62.35688598233147,64.88307297707193,1.0,1
ours_wwv,synthetic,C2h,0.001,15.0,0.0,15.0,0.0,0.9430082767995182,0.8676410671161925,67.84264175780133,71.23698657518456,1.0,1
ours_wwv,synthetic,C2h,0.003,15.0,0.0,15.0,0.0,0.9442305306368184,0.8671942730321313,67.8312178293771,90.00002607119201,1.0,1
ours_wwv,synthetic,C2h,0.01,15.0,0.0,15.0,0.0,0.9486189015562859,0.865660883917912,68.73200257766749,90.00090299890041,1.0,1
ours_wwv,synthetic,C2h,0.03,15.0,0.0,15.0,0.0,0.958720840304175,0.8655584092721197,73.08119969680351,72.9094590209608,1.0,1
ours_wwv,synthetic,C2h,0.1,15.0,0.0,15.0,0.0,0.9975744262204115,0.9775881340743621,85.12489319263318,90.074901222647,1.0,1
ours_wwv,synthetic,D*h,0.0,30.0,0.0,30.0,0.0,1.6863577221016371e-16,1.7008470864243187e-16,36.009508291583465,0.0,0.4,2
ours_wwv,synthetic,D*h,0.0001,30.0,0.0,30.0,0.0,0.3878182152030714,0.19292214260826523,58.25344729703035,75.9846173013753,0.6,2
ours_wwv,synthetic,D*h,0.001,30.0,0.0,30.0,0.0,0.3891899709588492,0.1952082594478125,51.655606170204216,57.441533824289344,0.6,2
ours_wwv,synthetic,D*h,0.003,30.0,0.0,30.0,0.0,0.3922428059631041,0.20031248299244248,46.893514634298306,48.42218399577553,0.6,2
ours_wwv,synthetic,D*h,0.01,30.0,0.0,30.0,0.0,0.40297524134152946,0.2184348037974826,55.656256086549725,45.935408450397844,0.6,2
ours_wwv,synthetic,D*h,0.03,30.0,0.0,30.0,0.0,0.4340185609163273,0.27232328854718557,69.29911941963283,89.42653261315672,0.7666666666666667,2
ours_wwv,synthetic,D*h,0.1,30.0,0.0,30.0,0.0,0.5359788884940446,0.4413999075291841,66.0305006399579,76.54199487641273,0.9666666666666667,2
ours_wwv,synthetic,D2d,0.0,15.0,0.0,15.0,0.0,4.100279100897937e-16,4.2414588056895794e-16,6.496769821494448e-07,0.0,0.0,1
ours_wwv,synthetic,D2d,0.0001,15.0,0.0,15.0,0.0,1.4256205204302481,1.5410016608369104,60.502159808922805,56.260563841167915,1.0,1
ours_wwv,synthetic,D2d,0.001,15.0,0.0,15.0,0.0,1.4257287105930632,1.5412190760988569,60.512648251499506,56.19388264555416,1.0,1
ours_wwv,synthetic,D2d,0.003,15.0,0.0,15.0,0.0,1.425972422339559,1.5417060256524617,60.53618919876187,56.04547377518838,1.0,1
ours_wwv,synthetic,D2d,0.01,15.0,0.0,15.0,0.0,1.4268612945894745,1.5434516490693755,60.62097856370933,55.523600956586115,1.0,1
ours_wwv,synthetic,D2d,0.03,15.0,0.0,15.0,0.0,1.4331967405594392,1.5487924022704633,58.49136173934009,54.16651600284968,1.0,1
ours_wwv,synthetic,D2d,0.1,15.0,0.0,15.0,0.0,1.4471441722705143,1.5581343119600402,65.28228781336654,59.26335602762456,1.0,1
ours_wwv,synthetic,D3h,0.0,60.0,0.0,60.0,0.0,1.892241596873009e-16,1.816403872461355e-16,18.000000157536434,0.0,0.2,4
ours_wwv,synthetic,D3h,0.0001,60.0,0.0,60.0,0.0,0.4504252372506086,0.0016752850186840084,42.08010999126671,25.035193481892364,0.6333333333333333,4
ours_wwv,synthetic,D3h,0.001,60.0,0.0,60.0,0.0,0.4509311962500837,0.003490406097478237,43.542582471720515,28.23778448501063,0.65,4
ours_wwv,synthetic,D3h,0.003,60.0,0.0,60.0,0.0,0.4520759172678213,0.007831989598640591,43.6191228157905,28.43007561772049,0.65,4
ours_wwv,synthetic,D3h,0.01,60.0,0.0,60.0,0.0,0.45614406701435467,0.023723027318506132,37.312991156235896,17.392020093588805,0.5833333333333334,4
ours_wwv,synthetic,D3h,0.03,60.0,0.0,60.0,0.0,0.46831660915593437,0.07098903467602943,36.80790603036705,12.777856825782779,0.55,4
ours_wwv,synthetic,D3h,0.1,60.0,0.0,60.0,0.0,0.5313603353571755,0.20264475695838707,42.59753068128657,25.27307230634611,0.8666666666666667,4
ours_wwv,synthetic,D4h,0.0,45.0,0.0,45.0,0.0,1.8894144480089992e-16,1.7487063135987334e-16,18.00000032388506,0.0,0.2,3
ours_wwv,synthetic,D4h,0.0001,45.0,0.0,45.0,0.0,0.34951309847064466,0.37264330699452525,35.63898900106493,25.49811525904633,0.9333333333333333,3
ours_wwv,synthetic,D4h,0.001,45.0,0.0,45.0,0.0,0.3501102605122393,0.3726715937519896,34.091963659163056,23.780716065573632,0.9333333333333333,3
ours_wwv,synthetic,D4h,0.003,45.0,0.0,45.0,0.0,0.35145709017207255,0.3727580193913873,34.972164720841484,23.814878238792605,0.9333333333333333,3
ours_wwv,synthetic,D4h,0.01,45.0,0.0,45.0,0.0,0.35640354545883063,0.37331454223916855,34.48939631377628,24.196836805379476,0.9333333333333333,3
ours_wwv,synthetic,D4h,0.03,45.0,0.0,45.0,0.0,0.37247257824284946,0.37701332698101125,32.77653594422244,24.283940979198107,0.9555555555555556,3
ours_wwv,synthetic,D4h,0.1,45.0,0.0,45.0,0.0,0.43747375635650243,0.4486773666424775,39.57905062440056,26.256680717491964,1.0,3
ours_wwv,synthetic,D5h,0.0,45.0,0.0,45.0,0.0,2.9065186303171504e-16,2.640347527265275e-16,16.00000024799407,0.0,0.17777777777777778,3
ours_wwv,synthetic,D5h,0.0001,45.0,0.0,45.0,0.0,0.08815902599650106,0.00022492899975307896,19.97974068675656,0.01520707964594637,0.4444444444444444,3
ours_wwv,synthetic,D5h,0.001,45.0,0.0,45.0,0.0,0.08939231042791716,0.0022492551204673474,14.020580022501495,0.13639383366644728,0.37777777777777777,3
ours_wwv,synthetic,D5h,0.003,45.0,0.0,45.0,0.0,0.0921469273760894,0.006747507713542602,20.09276469696743,0.46266008180402945,0.4444444444444444,3
ours_wwv,synthetic,D5h,0.01,45.0,0.0,45.0,0.0,0.10195517882648528,0.022487787027233037,16.43031663963124,1.4171473237068064,0.4,3
ours_wwv,synthetic,D5h,0.03,45.0,0.0,45.0,0.0,0.13144957035136956,0.06234788123819294,17.55857941452988,4.171968295185114,0.4444444444444444,3
ours_wwv,synthetic,D5h,0.1,45.0,0.0,45.0,0.0,0.30444221341474353,0.22329418264543782,26.53614214424837,14.50134850994878,0.8888888888888888,3
ours_wwv,synthetic,D6h,0.0,60.0,0.0,60.0,0.0,3.16881276978202e-16,3.1440196123042243e-16,25.50000029149656,0.0,0.2833333333333333,4
ours_wwv,synthetic,D6h,0.0001,60.0,0.0,60.0,0.0,0.6102310123231955,0.5678066148575593,40.11334579611347,29.38447272331186,0.95,4
ours_wwv,synthetic,D6h,0.001,60.0,0.0,60.0,0.0,0.6105422973684868,0.5690470688420274,42.68762621185701,30.084271582197815,0.95,4
ours_wwv,synthetic,D6h,0.003,60.0,0.0,60.0,0.0,0.6112554240858176,0.573139437470217,41.34411047999294,29.419605640794444,0.95,4
ours_wwv,synthetic,D6h,0.01,60.0,0.0,60.0,0.0,0.6126271342088326,0.5841885248768968,42.590533545859415,29.50766318385322,0.95,4
ours_wwv,synthetic,D6h,0.03,60.0,0.0,60.0,0.0,0.6171032370613347,0.5909389917126529,40.53535444436109,29.785097402942704,0.9333333333333333,4
ours_wwv,synthetic,D6h,0.1,60.0,0.0,60.0,0.0,0.6542609546839554,0.6694642951488451,40.37336243853676,30.323591254547893,0.95,4
ours_wwv,synthetic,D7h,0.0,45.0,0.0,45.0,0.0,4.943103474275016e-16,4.708733026413105e-16,12.000000279429148,0.0,0.13333333333333333,3
ours_wwv,synthetic,D7h,0.0001,45.0,0.0,45.0,0.0,0.09856613734900742,0.0003138976262935817,14.5176877552768,0.015928281269131084,0.4222222222222222,3
ours_wwv,synthetic,D7h,0.001,45.0,0.0,45.0,0.0,0.10013289477798065,0.003142630572402179,16.564616340731654,0.16948515199019745,0.4444444444444444,3
ours_wwv,synthetic,D7h,0.003,45.0,0.0,45.0,0.0,0.10363208978269074,0.009452489490991535,14.677547520592936,0.481128900146826,0.4222222222222222,3
ours_wwv,synthetic,D7h,0.01,45.0,0.0,45.0,0.0,0.11607142865068784,0.031804206405468737,15.073135656111834,1.630394580934868,0.4222222222222222,3
ours_wwv,synthetic,D7h,0.03,45.0,0.0,45.0,0.0,0.19583864024426118,0.09821327392670685,18.441460071118964,5.429209542571059,0.5333333333333333,3
ours_wwv,synthetic,D7h,0.1,45.0,0.0,45.0,0.0,0.38954937990383554,0.3156990924149807,25.148132066254075,17.14856201384499,0.9333333333333333,3
ours_wwv,synthetic,D8h,0.0,45.0,0.0,45.0,0.0,3.8644446944300144e-16,3.426728406357933e-16,20.00000024148365,0.0,0.2222222222222222,3
ours_wwv,synthetic,D8h,0.0001,45.0,0.0,45.0,0.0,0.589459653847918,0.5294213356128249,31.50964962111937,17.7129351987139,0.9111111111111111,3
ours_wwv,synthetic,D8h,0.001,45.0,0.0,45.0,0.0,0.5897163617830797,0.5294802847489128,30.97600852575367,18.399608844759975,0.9111111111111111,3
ours_wwv,synthetic,D8h,0.003,45.0,0.0,45.0,0.0,0.5903128192494507,0.5296210944033914,33.89277670256034,21.058321546207324,0.9333333333333333,3
ours_wwv,synthetic,D8h,0.01,45.0,0.0,45.0,0.0,0.5926260659568497,0.5302199891066739,33.90312017323605,21.26543127820694,0.9333333333333333,3
ours_wwv,synthetic,D8h,0.03,45.0,0.0,45.0,0.0,0.6006001661988978,0.5328290363413444,32.06904633563791,18.62290866607489,0.9555555555555556,3
ours_wwv,synthetic,D8h,0.1,45.0,0.0,45.0,0.0,0.631212799174679,0.5520763813431022,30.54567844266543,19.918924005602083,0.9555555555555556,3
ours_wwv,synthetic,Ih,0.0,15.0,0.0,15.0,0.0,2.9198965629977293e-16,2.70432727491445e-16,0.0,0.0,0.0,1
ours_wwv,synthetic,Ih,0.0001,15.0,0.0,15.0,0.0,0.24920583531433246,0.26285653090556854,14.4645826320802,15.218813317044734,0.9333333333333333,1
ours_wwv,synthetic,Ih,0.001,15.0,0.0,15.0,0.0,0.2505630023719681,0.2649096773766491,14.526592903832043,15.32565046936832,0.9333333333333333,1
ours_wwv,synthetic,Ih,0.003,15.0,0.0,15.0,0.0,0.25362217647411334,0.2670425463644556,14.663858873646832,15.381711108301568,0.9333333333333333,1
ours_wwv,synthetic,Ih,0.01,15.0,0.0,15.0,0.0,0.2639533990693362,0.26857898845337885,15.116800836190313,15.276440651589175,0.9333333333333333,1
ours_wwv,synthetic,Ih,0.03,15.0,0.0,15.0,0.0,0.29044846055107904,0.30737063200604486,16.191539055590507,16.793482999457904,0.8666666666666667,1
ours_wwv,synthetic,Ih,0.1,15.0,0.0,15.0,0.0,0.37014612832367655,0.3711871596012544,18.65103882950702,17.283073947491786,1.0,1
ours_wwv,synthetic,Oh,0.0,30.0,0.0,30.0,0.0,2.2073077904667545e-16,1.8446689820085113e-16,2.345783131394525e-07,0.0,0.0,2
ours_wwv,synthetic,Oh,0.0001,30.0,0.0,30.0,0.0,0.3174243411147792,0.3308091637656627,20.694813243488493,20.29072435340565,0.8333333333333334,2
ours_wwv,synthetic,Oh,0.001,30.0,0.0,30.0,0.0,0.31800713226072097,0.33203565625594134,20.706272946997675,20.3131404992663,0.8666666666666667,2
ours_wwv,synthetic,Oh,0.003,30.0,0.0,30.0,0.0,0.3193346627119084,0.33478797895047596,20.732472773591756,20.36322831630146,0.9,2
ours_wwv,synthetic,Oh,0.01,30.0,0.0,30.0,0.0,0.32422548450239047,0.34471158911755695,20.832029170087257,20.541474806182656,0.9,2
ours_wwv,synthetic,Oh,0.03,30.0,0.0,30.0,0.0,0.33984499305083493,0.35584541309617246,21.183436756127453,21.074952925381695,0.9333333333333333,2
ours_wwv,synthetic,Oh,0.1,30.0,0.0,30.0,0.0,0.4229644056104472,0.422031956764831,21.9817295051683,21.117930059479242,0.9333333333333333,2
ours_wwv,synthetic,Td,0.0,30.0,0.0,30.0,0.0,2.0424495448259356e-16,2.035793959817776e-16,8.04945513150489e-08,0.0,0.0,2
ours_wwv,synthetic,Td,0.0001,30.0,0.0,30.0,0.0,0.2794925910111553,0.18845919701326208,23.90270626193796,15.841894950170795,0.5,2
ours_wwv,synthetic,Td,0.001,30.0,0.0,30.0,0.0,0.28012334935481237,0.1898299374491318,23.923022921968304,15.932402090808,0.5,2
ours_wwv,synthetic,Td,0.003,30.0,0.0,30.0,0.0,0.2815290859495642,0.19245282829137522,23.96842767652184,16.047504660559785,0.5,2
ours_wwv,synthetic,Td,0.01,30.0,0.0,30.0,0.0,0.2864930793660461,0.19656140959090607,24.130118146305428,16.180526592368512,0.5,2
ours_wwv,synthetic,Td,0.03,30.0,0.0,30.0,0.0,0.2997161459538796,0.20904463330334744,24.56760242319572,16.587737265589894,0.5,2
ours_wwv,synthetic,Td,0.1,30.0,0.0,30.0,0.0,0.35606276614619586,0.2630183611389335,26.45606928828665,18.373543527248174,0.8666666666666667,2
pca,qm-sym,C2h,0.0,120.0,0.0,120.0,0.0,0.4677945384995313,3.791089538984645e-15,16.09257784969299,1.2074182697257333e-06,0.25833333333333336,8
pca,qm-sym,C2h,0.0001,120.0,0.0,120.0,0.0,0.810463819897793,1.3022112729759598,24.27753594862132,0.6115125255133909,0.35833333333333334,8
pca,qm-sym,C2h,0.001,120.0,0.0,120.0,0.0,0.8111315010814891,1.3022486957975263,24.28315284519737,0.6120609186404782,0.35833333333333334,8
pca,qm-sym,C2h,0.003,120.0,0.0,120.0,0.0,0.8126195377234356,1.3023367469292748,24.29615910430226,0.6150968843335898,0.35833333333333334,8
pca,qm-sym,C2h,0.01,120.0,0.0,120.0,0.0,0.8178737950350604,1.302697899948255,24.346815862570566,0.6476228670175765,0.35833333333333334,8
pca,qm-sym,C2h,0.03,120.0,0.0,120.0,0.0,0.8453032805119295,1.3045170604065213,25.203941830189645,1.2973739091875536,0.375,8
pca,qm-sym,C2h,0.1,120.0,0.0,120.0,0.0,0.8902318549577245,1.3145467334363705,26.0251810698433,2.5778719421819014,0.4,8
pca,qm-sym,C3h,0.0,75.0,0.0,75.0,0.0,2.4969949442736324e-08,1.146160109395087e-08,5.453374875899592e-07,0.0,0.0,5
pca,qm-sym,C3h,0.0001,75.0,0.0,75.0,0.0,1.2799835921740204,1.4999482595450666,9.822248042648365,7.86766847694451,0.8,5
pca,qm-sym,C3h,0.001,75.0,0.0,75.0,0.0,1.282086655662351,1.5000670647435903,9.885964815264632,7.881274136270349,0.8133333333333334,5
pca,qm-sym,C3h,0.003,75.0,0.0,75.0,0.0,1.2826081353653662,1.4998384089604115,9.897284254396817,7.885261064119047,0.8133333333333334,5
pca,qm-sym,C3h,0.01,75.0,0.0,75.0,0.0,1.2840302720171775,1.499070370810928,9.85964511086065,7.896368849671062,0.8,5
pca,qm-sym,C3h,0.03,75.0,0.0,75.0,0.0,1.2649941696392473,1.4636771966363236,9.935841988101211,7.945397787420937,0.7866666666666666,5
pca,qm-sym,C3h,0.1,75.0,0.0,75.0,0.0,1.278110275611355,1.4112641112934767,9.903717024581841,7.784927297375451,0.76,5
pca,qm-sym,C4h,0.0,30.0,0.0,30.0,0.0,1.689931509862779,1.8469465682936905,10.915713912048899,9.353039151965667,0.7,2
pca,qm-sym,C4h,0.0001,30.0,0.0,30.0,0.0,1.5936036950791992,1.6563287509567766,7.7860872207158325,7.419302484591836,0.5666666666666667,2
pca,qm-sym,C4h,0.001,30.0,0.0,30.0,0.0,1.5935442389249213,1.6563966684266358,7.785196540507074,7.423076928577455,0.5666666666666667,2
pca,qm-sym,C4h,0.003,30.0,0.0,30.0,0.0,1.593430687068142,1.6565544467362967,7.783237909503815,7.4314787107787215,0.5666666666666667,2
pca,qm-sym,C4h,0.01,30.0,0.0,30.0,0.0,1.593217696944795,1.6571831136081459,7.7766044212449765,7.4310777704619895,0.5666666666666667,2
pca,qm-sym,C4h,0.03,30.0,0.0,30.0,0.0,1.5939265177146706,1.6597120697144707,7.77945607056657,7.340183572391968,0.5666666666666667,2
pca,qm-sym,C4h,0.1,30.0,0.0,30.0,0.0,1.7007801660684914,1.842675200735541,9.098684885174881,8.468596487942268,0.6666666666666666,2
pca,qm9,C*v,0.0,15.0,0.0,15.0,0.0,3.9724599540665787e-16,3.6131011786571377e-16,0.0,0.0,0.0,1
pca,qm9,C*v,0.0001,15.0,0.0,15.0,0.0,0.00012559301930089467,0.00012614640356928587,0.0,0.0,0.0,1
pca,qm9,C*v,0.001,15.0,0.0,15.0,0.0,0.0012559273183302474,0.0012615053947151501,6.1304506128127976e-06,5.2630142203192075e-06,0.0,1
pca,qm9,C*v,0.003,15.0,0.0,15.0,0.0,0.00376776320048445,0.003784795928493293,5.5626330542138114e-05,4.819096588326113e-05,0.0,1
pca,qm9,C*v,0.01,15.0,0.0,15.0,0.0,0.012559006669509072,0.012619395022989111,0.0006172303000166093,0.0005391119194113908,0.0,1
pca,qm9,C*v,0.03,15.0,0.0,15.0,0.0,0.03767564855172835,0.037891079008395126,0.005533392129747406,0.00494723218991017,0.0,1
pca,qm9,C*v,0.1,15.0,0.0,15.0,0.0,0.37466983139007426,0.12682114271909523,12.04854780472914,0.05949764960268976,0.13333333333333333,1
pca,qm9,C1,0.0,120.0,0.0,120.0,0.0,1.5262413133365808e-15,1.2283576492946987e-15,5.035098248785271e-07,0.0,0.0,8
pca,qm9,C1,0.0001,120.0,0.0,120.0,0.0,0.00018732984493853843,0.00018032866040083195,0.0034409782637897708,0.0031678882112601966,0.0,8
pca,qm9,C1,0.001,120.0,0.0,120.0,0.0,0.001873275456762576,0.0018027985592598236,0.03441029446635981,0.03163058255341089,0.0,8
pca,qm9,C1,0.003,120.0,0.0,120.0,0.0,0.005619683855838608,0.005405165257139882,0.103234850050837,0.09457105631711343,0.0,8
pca,qm9,C1,0.01,120.0,0.0,120.0,0.0,0.018731007658044686,0.01800358168317491,0.34418303080434975,0.3115414911958284,0.0,8
pca,qm9,C1,0.03,120.0,0.0,120.0,0.0,0.06326869483106078,0.05387434553571485,1.1287170181635529,0.9334115107942049,0.008333333333333333,8
pca,qm9,C1,0.1,120.0,0.0,120.0,0.0,0.23531854742615324,0.18240852714879358,4.518682610713916,2.959960393556906,0.225,8
pca,qm9,C2,0.0,120.0,0.0,120.0,0.0,3.0187915864349025e-15,2.2198011752516215e-15,4.4612382529692357e-07,0.0,0.0,8
pca,qm9,C2,0.0001,120.0,0.0,120.0,0.0,0.20374269661676556,0.00033309965075126267,5.936340336024736,0.006299271874631722,0.16666666666666666,8
pca,qm9,C2,0.001,120.0,0.0,120.0,0.0,0.26562743415605866,0.003319109854948605,6.795202721212422,0.09671102076905513,0.175,8
pca,qm9,C2,0.003,120.0,0.0,120.0,0.0,0.2794144136482618,0.01008484957222202,6.948832419443315,0.3060582761840036,0.175,8
pca,qm9,C2,0.01,120.0,0.0,120.0,0.0,0.30290768684670144,0.03520135351528165,6.731598559683975,1.043429900936819,0.175,8
pca,qm9,C2,0.03,120.0,0.0,120.0,0.0,0.41288772901721876,0.1202872543536112,8.364874788249217,2.1698599324395342,0.325,8
pca,qm9,C2,0.1,120.0,0.0,120.0,0.0,0.6111737624188562,0.3934504659255361,13.639213935140964,7.569930606615273,0.6083333333333333,8
pca,qm9,C2h,0.0,30.0,0.0,30.0,0.0,2.672602387948899e-15,1.9129729589245935e-15,2.7482558879697697e-07,0.0,0.0,2
pca,qm9,C2h,0.0001,30.0,0.0,30.0,0.0,0.6110897230043099,1.0401318112563347,27.389618930986398,10.315292457514175,0.5333333333333333,2
pca,qm9,C2h,0.001,30.0,0.0,30.0,0.0,0.6863874250502981,1.0398864732295328,16.71011908780067,2.0039599811231565,0.4666666666666667,2
pca,qm9,C2h,0.003,30.0,0.0,30.0,0.0,0.7249162135929687,1.0402937883538335,16.766338352256675,4.852717254289242,0.5,2
pca,qm9,C2h,0.01,30.0,0.0,30.0,0.0,0.7292325942028117,1.040514957609761,16.93203688722535,5.15605831503598,0.5,2
pca,qm9,C2h,0.03,30.0,0.0,30.0,0.0,0.7418718565053223,1.0422574841478518,17.069590853468657,6.015310709732665,0.5,2
pca,qm9,C2h,0.1,30.0,0.0,30.0,0.0,0.6798727392708019,0.9401468389462937,23.337139547714134,7.818093085060557,0.7,2
pca,qm9,C2v,0.0,120.0,0.0,120.0,0.0,3.1643018903504805e-15,1.5086991830810457e-15,4.846447657530245e-07,0.0,0.0,8
pca,qm9,C2v,0.0001,120.0,0.0,120.0,0.0,0.06912299868748314,0.0003425303457089573,1.9479576462208035,0.006875805792387281,0.08333333333333333,8
pca,qm9,C2v,0.001,120.0,0.0,120.0,0.0,0.06677560743241617,0.002190905644932052,1.7191729349549414,0.05309697887732204,0.06666666666666667,8
pca,qm9,C2v,0.003,120.0,0.0,120.0,0.0,0.07708653605822359,0.006420576247652998,2.0744640411069972,0.15943939082667358,0.075,8
pca,qm9,C2v,0.01,120.0,0.0,120.0,0.0,0.11545380466330807,0.021498592643565174,3.3988524376264477,0.5363274221222856,0.16666666666666666,8
pca,qm9,C2v,0.03,120.0,0.0,120.0,0.0,0.23471567812146457,0.06482180874879098,6.9967578106149855,1.5988532640873443,0.26666666666666666,8
pca,qm9,C2v,0.1,120.0,0.0,120.0,0.0,0.4375173940296822,0.21745496343963666,12.001308149638074,5.287395655681388,0.525,8
pca,qm9,C3,0.0,15.0,0.0,15.0,0.0,9.315693619444364e-13,8.492137794378732e-13,9.834286722414976e-07,1.2074182697257333e-06,0.0,1
pca,qm9,C3,0.0001,15.0,0.0,15.0,0.0,0.10178654741207463,0.1011714306627551,2.910313188637624,2.892819441497236,0.0,1
pca,qm9,C3,0.001,15.0,0.0,15.0,0.0,0.8097483613879695,1.1284100497713687,10.938593053373722,8.522637931617705,0.8,1
pca,qm9,C3,0.003,15.0,0.0,15.0,0.0,0.8226754237371785,0.611381012460469,11.982273092182613,10.639599866908076,0.9333333333333333,1
pca,qm9,C3,0.01,15.0,0.0,15.0,0.0,0.8085156753375216,0.6214110840421917,11.387339758607158,10.54837311779329,0.8666666666666667,1
pca,qm9,C3,0.03,15.0,0.0,15.0,0.0,0.8073777669887113,0.6237834970562005,12.017903293279963,9.647325763726242,0.8666666666666667,1
pca,qm9,C3,0.1,15.0,0.0,15.0,0.0,0.8490269874941743,1.0424554368466652,10.496595609113351,9.253097598978881,0.8,1
pca,qm9,Ci,0.0,15.0,0.0,15.0,0.0,1.4535810105525458e-15,1.428881576622265e-15,4.3581469142707476e-07,0.0,0.0,1
pca,qm9,Ci,0.0001,15.0,0.0,15.0,0.0,0.5851124435817755,0.7808426724839317,7.789409838471725,7.209096834210621,0.6666666666666666,1
pca,qm9,Ci,0.001,15.0,0.0,15.0,0.0,0.5856216027039103,0.7804221358328474,7.794824502797271,7.213835167519435,0.6666666666666666,1
pca,qm9,Ci,0.003,15.0,0.0,15.0,0.0,0.5848043673048221,0.7792204375018965,7.67478360913083,7.224405057035734,0.6666666666666666,1
pca,qm9,Ci,0.01,15.0,0.0,15.0,0.0,0.5890795456504303,0.7765322613564359,7.712254859237661,7.261827902273546,0.6666666666666666,1
pca,qm9,Ci,0.03,15.0,0.0,15.0,0.0,0.6733439361692944,0.7733072214648724,8.285865378389268,7.3721945694747895,0.7333333333333333,1
pca,qm9,Ci,0.1,15.0,0.0,15.0,0.0,0.6772236319941842,0.7918121099989526,7.146844859551609,4.1600887141462515,0.4666666666666667,1
pca,qm9,Cs,0.0,120.0,0.0,120.0,0.0,1.5421405204084295e-15,1.1529575302255347e-15,3.577615467670811e-07,0.0,0.0,8
pca,qm9,Cs,0.0001,120.0,0.0,120.0,0.0,0.08105181647539277,0.0001655497367369197,2.6829995020549235,0.0022342222206260982,0.075,8
pca,qm9,Cs,0.001,120.0,0.0,120.0,0.0,0.08254027939319665,0.0016556913945088565,10.950748835255732,0.024742973685957174,0.16666666666666666,8
pca,qm9,Cs,0.003,120.0,0.0,120.0,0.0,0.08585214958992313,0.0049674204344898575,10.990947284401445,0.0741420787039532,0.16666666666666666,8
pca,qm9,Cs,0.01,120.0,0.0,120.0,0.0,0.10889287116317224,0.01655941143153717,11.349586358427503,0.24613174743778077,0.175,8
pca,qm9,Cs,0.03,120.0,0.0,120.0,0.0,0.20551820984698113,0.04972546532927064,12.033452338212053,0.8000374508050728,0.20833333333333334,8
pca,qm9,Cs,0.1,120.0,0.0,120.0,0.0,0.43231514355550954,0.1688809342911175,16.220653867940023,2.9935586136818646,0.39166666666666666,8
pca,qm9,D2,0.0,15.0,0.0,15.0,0.0,1.1415655552044372e-15,1.0887867229736422e-15,3.081675236488073e-07,0.0,0.0,1
pca,qm9,D2,0.0001,15.0,0.0,15.0,0.0,0.0002534757272846579,0.00017092478058557353,0.004733661153543575,0.002281665943050865,0.0,1
pca,qm9,D2,0.001,15.0,0.0,15.0,0.0,0.001783394177812223,0.0016891554276951535,0.027712010838402034,0.024660648135828852,0.0,1
pca,qm9,D2,0.003,15.0,0.0,15.0,0.0,0.5194667265773281,0.005565010261586969,11.469073994641457,0.0921121879203604,0.3333333333333333,1
pca,qm9,D2,0.01,15.0,0.0,15.0,0.0,0.832606350354023,1.5447953611047147,18.331973550127763,33.97399078603878,0.5333333333333333,1
pca,qm9,D2,0.03,15.0,0.0,15.0,0.0,0.8467791086137801,1.5392477023789763,18.441156444304816,33.39106260329131,0.5333333333333333,1
pca,qm9,D2,0.1,15.0,0.0,15.0,0.0,0.8995622864115506,1.5272411704764146,18.875795846349522,31.356191822631875,0.5333333333333333,1
pca,synthetic,C2h,0.0,15.0,0.0,15.0,0.0,5.338450920628248e-16,4.756295149049138e-16,0.0,0.0,0.0,1
pca,synthetic,C2h,0.0001,15.0,0.0,15.0,0.0,0.5321365363859679,0.8866936603256658,15.63153459064298,26.04378035187717,0.6,1
pca,synthetic,C2h,0.001,15.0,0.0,15.0,0.0,0.5330348593093268,0.8863854055923285,15.658138276100903,26.009092990144175,0.6,1
pca,synthetic,C2h,0.003,15.0,0.0,15.0,0.0,0.5350350355284818,0.8857045884483358,15.717391635122112,25.93203321238614,0.6,1
pca,synthetic,C2h,0.01,15.0,0.0,15.0,0.0,0.5420784185213008,0.8833674681271059,15.9262547419027,25.662630374647687,0.6,1
pca,synthetic,C2h,0.03,15.0,0.0,15.0,0.0,0.5625764815117519,0.8770866612003013,16.53607419119109,24.8968714330612,0.6,1
pca,synthetic,C2h,0.1,15.0,0.0,15.0,0.0,0.6384974915606532,0.8522799890899272,18.815721659582017,22.312004584033662,0.8,1
pca,synthetic,D*h,0.0,30.0,0.0,30.0,0.0,2.0531937414419285e-16,1.7706826705523803e-16,0.0,0.0,0.0,2
pca,synthetic,D*h,0.0001,30.0,0.0,30.0,0.0,0.00010887012756071157,0.00010742374317228306,0.0,0.0,0.0,2
pca,synthetic,D*h,0.001,30.0,0.0,30.0,0.0,0.0010886756517435557,0.001074269913074397,1.471866748888592e-05,7.484073767941149e-06,0.0,2
pca,synthetic,D*h,0.003,30.0,0.0,30.0,0.0,0.003265858319451211,0.0032230273042183092,0.0001326051291447767,6.766490862052994e-05,0.0,2
pca,synthetic,D*h,0.01,30.0,0.0,30.0,0.0,0.010884308548744509,0.010745999998517164,0.001470860218345319,0.0007424338527187402,0.0,2
pca,synthetic,D*h,0.03,30.0,0.0,30.0,0.0,0.03263901967157376,0.03226106652149513,0.013165619401536034,0.006616280383436305,0.0,2
pca,synthetic,D*h,0.1,30.0,0.0,30.0,0.0,0.1087364828452877,0.10784835083266511,0.1428680949644966,0.07129571616726862,0.0,2
pca,synthetic,D2d,0.0,15.0,0.0,15.0,0.0,0.4198434523959303,0.5039193779422988,47.668655209022354,56.48857746256229,0.9333333333333333,1
pca,synthetic,D2d,0.0001,15.0,0.0,15.0,0.0,0.3810611860234119,0.39917057547831053,42.741231889865034,44.02400081754039,0.9333333333333333,1
pca,synthetic,D2d,0.001,15.0,0.0,15.0,0.0,0.3816830616158375,0.40045912150469765,42.74405986143713,44.105396171272744,0.9333333333333333,1
pca,synthetic,D2d,0.003,15.0,0.0,15.0,0.0,0.3830729887247824,0.4033188128301,42.75029552062522,44.28549475385617,0.9333333333333333,1
pca,synthetic,D2d,0.01,15.0,0.0,15.0,0.0,0.41887508345939556,0.44318920879091256,46.40481787555624,48.38766942551789,0.9333333333333333,1
pca,synthetic,D2d,0.03,15.0,0.0,15.0,0.0,0.43381805704688203,0.45489923063826965,46.51411938834929,48.11929447470204,0.9333333333333333,1
pca,synthetic,D2d,0.1,15.0,0.0,15.0,0.0,0.48991407321148644,0.5012870482189316,46.78938782763951,47.293779521864884,1.0,1
pca,synthetic,D3h,0.0,60.0,0.0,60.0,0.0,0.11700104657218513,0.1166861561077761,7.0775438483777355,6.023400344457067,0.5666666666666667,4
pca,synthetic,D3h,0.0001,60.0,0.0,60.0,0.0,0.18027400020486153,0.17316861563689243,11.814541964581725,10.364975709527513,0.8,4
pca,synthetic,D3h,0.001,60.0,0.0,60.0,0.0,0.181429405741477,0.17699528479108784,11.862591016840176,10.364344825022886,0.8,4
pca,synthetic,D3h,0.003,60.0,0.0,60.0,0.0,0.18438734366188028,0.17972245892847924,12.036393421443899,10.528947936367782,0.8166666666666667,4
pca,synthetic,D3h,0.01,60.0,0.0,60.0,0.0,0.1976368210943577,0.19332124838619957,13.020981550673598,12.452104478324713,0.9,4
pca,synthetic,D3h,0.03,60.0,0.0,60.0,0.0,0.24292539123039741,0.23757297901180946,16.408590819306827,15.769364698431605,0.9,4
pca,synthetic,D3h,0.1,60.0,0.0,60.0,0.0,0.3311178947808046,0.32027507705253183,20.792353292715436,19.164191511552637,0.9333333333333333,4
pca,synthetic,D4h,0.0,45.0,0.0,45.0,0.0,0.3001315148881533,0.2773232528405777,19.693842029357697,17.771051770148933,0.8666666666666667,3
pca,synthetic,D4h,0.0001,45.0,0.0,45.0,0.0,0.34760668980640225,0.3067457671781224,23.112554648677193,23.32064324810447,0.9555555555555556,3
pca,synthetic,D4h,0.001,45.0,0.0,45.0,0.0,0.3480532874943394,0.3064948241102432,23.119517531320188,23.387865350812525,0.9555555555555556,3
pca,synthetic,D4h,0.003,45.0,0.0,45.0,0.0,0.3487838946807778,0.3059920351975007,23.11938530183706,23.511838520208578,0.9555555555555556,3
pca,synthetic,D4h,0.01,45.0,0.0,45.0,0.0,0.35009544722493563,0.31718687122384887,23.048777107903295,23.34135895321867,0.9777777777777777,3
pca,synthetic,D4h,0.03,45.0,0.0,45.0,0.0,0.35549195708586356,0.34353271454964507,22.999907123050892,24.564585759592706,0.9555555555555556,3
pca,synthetic,D4h,0.1,45.0,0.0,45.0,0.0,0.40682310395450383,0.39694677958778685,24.383205785406098,25.058884765360997,0.9333333333333333,3
pca,synthetic,D5h,0.0,45.0,0.0,45.0,0.0,0.16481184371444765,0.143140647604926,8.921029679752806,8.178271118692416,0.6222222222222222,3
pca,synthetic,D5h,0.0001,45.0,0.0,45.0,0.0,0.36017843320152526,0.3939954539592719,19.00307849567826,20.223389278333176,0.8666666666666667,3
pca,synthetic,D5h,0.001,45.0,0.0,45.0,0.0,0.3602924660544426,0.3947381167826264,18.998192700652275,20.17327448952823,0.8666666666666667,3
pca,synthetic,D5h,0.003,45.0,0.0,45.0,0.0,0.3605801558849239,0.39639955751861244,18.990089279516503,20.155396235760914,0.8666666666666667,3
pca,synthetic,D5h,0.01,45.0,0.0,45.0,0.0,0.361960783335714,0.40233371210387814,18.989133408288986,20.249371102596,0.8444444444444444,3
pca,synthetic,D5h,0.03,45.0,0.0,45.0,0.0,0.3798884808638015,0.4202762162895818,18.93797197482999,21.2635223238095,0.8666666666666667,3
pca,synthetic,D5h,0.1,45.0,0.0,45.0,0.0,0.4246102683278451,0.44278551050065756,20.4212644554982,22.562596161644933,0.9111111111111111,3
pca,synthetic,D6h,0.0,60.0,0.0,60.0,0.0,0.2518267583298687,0.1809803839528788,9.96886840015168,8.511171906316825,0.6666666666666666,4
pca,synthetic,D6h,0.0001,60.0,0.0,60.0,0.0,0.3731595304414398,0.3820946299267559,14.671148566149595,15.686288255901264,0.7833333333333333,4
pca,synthetic,D6h,0.001,60.0,0.0,60.0,0.0,0.37320251921816006,0.38125363444702565,14.666848772103448,15.650337621448028,0.7833333333333333,4
pca,synthetic,D6h,0.003,60.0,0.0,60.0,0.0,0.3733281591859983,0.37938952745550203,14.658120491875552,15.570298237129244,0.7833333333333333,4
pca,synthetic,D6h,0.01,60.0,0.0,60.0,0.0,0.3740860159004683,0.37292175792411475,14.636343509619966,14.75695339801732,0.7833333333333333,4
pca,synthetic,D6h,0.03,60.0,0.0,60.0,0.0,0.378842572734438,0.37022720637668105,14.645666934955715,14.00995739026293,0.7833333333333333,4
pca,synthetic,D6h,0.1,60.0,0.0,60.0,0.0,0.40840801755682676,0.3493032247085649,14.460314162204291,13.366881262057948,0.8,4
pca,synthetic,D7h,0.0,45.0,0.0,45.0,0.0,0.17886808458960018,0.18421154080459,6.9230496103935115,7.769384714013961,0.6888888888888889,3
pca,synthetic,D7h,0.0001,45.0,0.0,45.0,0.0,0.3383848707448433,0.3246487023502219,12.897347166175898,13.516145268798075,0.8888888888888888,3
pca,synthetic,D7h,0.001,45.0,0.0,45.0,0.0,0.3385417465704521,0.3246688791291943,12.898241353635571,13.526584162221324,0.8888888888888888,3
pca,synthetic,D7h,0.003,45.0,0.0,45.0,0.0,0.33891088175891404,0.3255497976014246,12.900584472597858,13.549814903127912,0.8888888888888888,3
pca,synthetic,D7h,0.01,45.0,0.0,45.0,0.0,0.3364480077124256,0.3249821561248421,12.770380173797836,13.012945902319903,0.8888888888888888,3
pca,synthetic,D7h,0.03,45.0,0.0,45.0,0.0,0.34297946048692846,0.32644358017097513,12.844142257723888,12.930914121210128,0.8888888888888888,3
pca,synthetic,D7h,0.1,45.0,0.0,45.0,0.0,0.3631981617805969,0.34159723206058645,12.589608530700543,12.471025764772207,0.8888888888888888,3
pca,synthetic,D8h,0.0,45.0,0.0,45.0,0.0,0.357437394423659,0.35886956423416994,12.11217412317267,11.715841221655753,0.8222222222222222,3
pca,synthetic,D8h,0.0001,45.0,0.0,45.0,0.0,0.3163535281581755,0.34965046074384787,10.646308042174079,10.968954005678233,0.7333333333333333,3
pca,synthetic,D8h,0.001,45.0,0.0,45.0,0.0,0.31658661929687165,0.34951472103917414,10.648829585149159,10.965436808654664,0.7333333333333333,3
pca,synthetic,D8h,0.003,45.0,0.0,45.0,0.0,0.3171449085438972,0.3492181462360465,10.654752436391822,10.957594163873203,0.7333333333333333,3
pca,synthetic,D8h,0.01,45.0,0.0,45.0,0.0,0.31945958205545405,0.34823560838787226,10.678726164102018,10.92985490104929,0.7333333333333333,3
pca,synthetic,D8h,0.03,45.0,0.0,45.0,0.0,0.32706918926167877,0.3459166084514014,10.74095997710387,10.848101346330086,0.7333333333333333,3
pca,synthetic,D8h,0.1,45.0,0.0,45.0,0.0,0.3667635924989294,0.349650089703511,11.038936011444633,10.532346696922293,0.8,3
pca,synthetic,Ih,0.0,15.0,0.0,15.0,0.0,0.5336427357892342,0.5442647494367799,22.992370300399934,26.772992290618316,0.9333333333333333,1
pca,synthetic,Ih,0.0001,15.0,0.0,15.0,0.0,0.4857210204216177,0.5108242604100243,19.615118921846705,16.558079259630397,1.0,1
pca,synthetic,Ih,0.001,15.0,0.0,15.0,0.0,0.48562600027048275,0.5109712551146187,19.613040537002956,16.56061607919802,1.0,1
pca,synthetic,Ih,0.003,15.0,0.0,15.0,0.0,0.4854340694044115,0.5113055143833435,19.60869474853595,16.56654786756572,1.0,1
pca,synthetic,Ih,0.01,15.0,0.0,15.0,0.0,0.4849724192685844,0.5125578878291225,19.596498422579895,16.59053185124825,1.0,1
pca,synthetic,Ih,0.03,15.0,0.0,15.0,0.0,0.4861262035048198,0.516838144309378,19.541265869181796,16.6872769727034,1.0,1
pca,synthetic,Ih,0.1,15.0,0.0,15.0,0.0,0.5098812747797508,0.5517200652508286,19.585491775664693,16.100869514772192,1.0,1
pca,synthetic,Oh,0.0,30.0,0.0,30.0,0.0,0.5772774219018572,0.6090120193955024,34.568062528180725,36.41667638860547,1.0,2
pca,synthetic,Oh,0.0001,30.0,0.0,30.0,0.0,0.5557723360950605,0.574953453141074,35.95797300417038,40.055697339657215,1.0,2
pca,synthetic,Oh,0.001,30.0,0.0,30.0,0.0,0.5560374051626359,0.5750835542575712,35.97508263023532,40.08571100149803,1.0,2
pca,synthetic,Oh,0.003,30.0,0.0,30.0,0.0,0.5566315946788591,0.5753770908414133,36.012896121795706,40.15229781021224,1.0,2
pca,synthetic,Oh,0.01,30.0,0.0,30.0,0.0,0.5587726218710227,0.5770930330845233,36.14329682606605,40.104903692487085,1.0,2
pca,synthetic,Oh,0.03,30.0,0.0,30.0,0.0,0.5646633945225334,0.597407554148779,35.6117507001663,38.19584330654459,1.0,2
pca,synthetic,Oh,0.1,30.0,0.0,30.0,0.0,0.5858308211528873,0.6007483188548778,33.39133799016273,33.91418139329997,1.0,2
pca,synthetic,Td,0.0,30.0,0.0,30.0,0.0,0.5164332521399911,0.5412912888534045,44.608942423759565,46.42338080319858,1.0,2
pca,synthetic,Td,0.0001,30.0,0.0,30.0,0.0,0.5565220342665925,0.598579079631042,48.23818169453991,52.12922082973819,1.0,2
pca,synthetic,Td,0.001,30.0,0.0,30.0,0.0,0.5565866917401051,0.5983311557324076,48.23768629024756,52.12112827906411,1.0,2
pca,synthetic,Td,0.003,30.0,0.0,30.0,0.0,0.5567373313671445,0.5977868416801981,48.23668761768008,52.103236988128245,1.0,2
pca,synthetic,Td,0.01,30.0,0.0,30.0,0.0,0.540768039392103,0.566703232098904,46.74825870156511,50.731111449072785,1.0,2
pca,synthetic,Td,0.03,30.0,0.0,30.0,0.0,0.5431644957806855,0.5670189412429102,46.72648384310357,50.72816365664055,1.0,2
pca,synthetic,Td,0.1,30.0,0.0,30.0,0.0,0.560205773948444,0.5699536547005406,46.79135330573954,50.38409480738754,1.0,2
